name,tempo,beats,chroma_stft,rmse,spec_cent,spec_bw,rolloff,zcr,mfcc_1,mfcc_2,mfcc_3,mfcc_4,mfcc_5,mfcc_6,mfcc_7,mfcc_8,mfcc_9,mfcc_10,mfcc_11,label
Amilcare Ponchielli - Dance of the Hours.mp3,130.8139534883721, 394, 0.2923404461223548, 0.042381830513477325,1637.2359740732716, 2228.7129200458144, 2925.815507229201, 0.03880776972475705,164.36011487399398,-4.382316154574212,4.918759170530092,4.767189977645392,3.7983786570364595,-2.5312831955654937,-0.9079023892287424,-2.28756507769664,0.08356132233455572,-2.88862342927261,-3.4551208692420516,Classical
Rossini - William Tell Overture - Final.mp3,160.71428571428572, 443, 0.3887416120276271, 0.057813625782728195,1357.9840855466232, 1875.9378306045826, 2628.860882318085, 0.028937637028916805,165.76018924811316,-11.258062749789897,22.16519014238607,5.195707612411227,9.989041544240315,-3.362945753134563,3.713701822101016,-3.9141517630764335,-1.4422586962214792,-3.1769126143173425,-2.756509992222812,Classical
Jean Sibelius - Finlandia.mp3,139.6748310810811, 364, 0.3956995437475527, 0.04465630277991295,1695.6558142590193, 2091.8464922511353, 3243.376221081052, 0.043351085808501034,167.1991680345889,-18.22754120390074,9.633350356393937,2.7864267238175127,4.01049056619643,-8.536038154214507,0.30807289561806295,-8.20194025323877,-5.903670357261097,-3.5345583610710833,-4.193663947642413,Classical
'POLOVETSIAN DANCE' Aleksandr Borodin [classical music].mp3,133.92857142857142, 393, 0.33621044588588767, 0.038400422781705856,1335.8424574029707, 1769.5293334033436, 2363.6293775183694, 0.034131889406553685,179.70191016430798,-3.5449204622322075,4.215035154547165,4.091722839338337,0.5025343273409459,-6.3617568528350485,-2.0235110562988328,-7.8202674595354305,-7.439830958258455,-6.337502158555347,-6.613282415884378,Classical
"Rachmaninoff - Piano Concerto No. 2, Op. 18 I. Moderato (Rubinstein).mp3",133.92857142857142, 382, 0.3799873836219821, 0.0717618390917778,1141.0788979210727, 1653.2404673976487, 1969.487456298886, 0.02510201363067374,194.4393702587632,5.629840942892609,3.8060768942165524,9.410234216969744,0.9515263588239908,-3.2743880358377835,-4.2018169225633235,-5.369677828995894,-8.340698700507783,-4.174620262001357,-6.146064746186325,Classical
Pyotr Ilyich Tchaikovsky _ Nina Kaptsova - Dance of the Sugar Plum Fairy _ 2010.mp3,95.33898305084746, 285, 0.35062161219974175, 0.03508657217025757,1417.417283820384, 1855.663978868592, 2277.7622437188907, 0.04002986165634629,180.2111429423805,5.323413441900129,-5.718987308644661,-3.289269071257805,1.1170477519910302,-4.5912842819379165,1.7084047600714476,-4.140936073026085,-2.8169496478670535,-0.8991517294786664,-0.5931203612602424,Classical
André Rieu - The Second Waltz (Shostakovich).mp3,95.703125, 285, 0.3464463649713068, 0.06067769601941109,2290.5236545921694, 2640.1267051848317, 4157.883191182517, 0.06169986626435114,166.8853761947467,-48.13807218213291,15.492386875624913,-17.69538018453947,11.127410685095338,-12.052454908702973,7.223603254277762,-6.744351543087018,1.044743303613668,-6.881271708952266,5.164148989358665,Classical
Mozart-The Marriage of Figaro.mp3,127.8409090909091, 367, 0.3176659934340939, 0.049914389848709106,1450.2764980070137, 1827.265390623366, 2615.2297456447027, 0.03700327596327625,178.18754974137443,-15.577262013468214,8.346020741687482,1.2343259781584666,-1.398466231452705,-4.478873951377574,-3.9860967355619823,-0.8428843472918313,-4.142867028356517,-1.9973375765365153,-6.5620319220625065,Classical
Tchaikovsky Nutcracker Suite - Russian Dance Trepak.mp3,147.65625, 168, 0.3925823788483589, 0.050780247896909714,2016.07493807342, 2098.2571094260834, 3923.4178053574096, 0.04880288668023603,168.9830874801545,-48.94834409801101,25.358956165073582,-13.938245034898607,6.4515724527903195,-6.048659758931572,-2.7926529419819603,-3.613664524253891,-6.929576912997422,-1.15678987220723,-9.309391783888623,Classical
Mozart 'Eine kleine Nachtmusik' I. Allegro.mp3,148.02631578947367, 441, 0.39130847105578404, 0.04435670003294945,1676.3101504441768, 1980.8183826281713, 3219.109237971083, 0.04214076087157798,164.45870506173972,-18.425078215448163,11.6362623564221,10.609822336013952,5.604865347819806,-2.1378563773615253,-1.835081532631132,2.9486296370455736,-1.119022707779317,3.736551089485788,-3.628940254157703,Classical
Tchaikovsky - Swan Lake - Scene - Part 1_8.mp3,137.1951219512195, 399, 0.3297813318178327, 0.0627991259098053,1559.3053492370823, 1825.0297039007419, 2884.405461157857, 0.044810510071625384,187.82337624224687,-33.39349986165563,10.805638977024055,9.237972783707699,1.316348503790367,-10.241368123103909,-2.0102140061206835,-2.899849156533418,-7.48196033192401,-3.3629749369278716,-5.847613604025998,Classical
Piotr Ilich Tchaikovsky - 1812 Overture (Finale).mp3,148.02631578947367, 375, 0.4010798724957785, 0.07416222989559174,1650.2792101319405, 1857.8630801640998, 3214.5289538397724, 0.04189688064781346,161.79836009464995,-22.841047713377545,13.00380590374096,1.4684641181808284,-1.8031464794827625,-0.057688963512869895,-4.4954906507492405,2.132706550991587,-6.807246076303102,-3.4211031870072843,-0.9161162564588952,Classical
Entry Of The Gladiators - Julius Fucik.mp3,114.79591836734694, 331, 0.37724007201648274, 0.07585752755403519,1774.1778177704284, 2014.0407305237684, 3253.6571906849963, 0.04649261525242949,190.32421259817016,-34.19083125238105,13.74195894192337,-1.5940680442407533,3.0926175232834856,-0.5489410386339157,-6.415987698345559,-2.1629806409771133,-6.165887156485164,-4.492944348151983,-1.9007292081587495,Classical
The Carnival of the Animals - The Aquarium.mp3,125.0, 324, 0.2751599868008194, 0.012113497592508793,1829.6280439089771, 2639.9928223783427, 3058.0937064503287, 0.042793319998838675,170.4147935141275,-2.423199603363493,7.854877211700965,-27.470103953728895,7.565572177290036,-8.360895231829305,-3.3187628975741728,-11.422444533333504,-11.955421197768874,-12.531998049390717,-14.597249299802657,Classical
Antonio Vivaldi-The Four Seasons-Summer.mp3,125.0, 359, 0.3241754824838775, 0.010457855649292469,1477.7377081443892, 1990.8734109326695, 2665.6017606364067, 0.03700608250992534,117.71159921684533,4.037465855343579,5.219720116782165,14.270388612655124,4.528108314086039,-1.1518599074021416,1.0759639986078755,4.745225728129684,4.840080119679153,3.2047374676330342,-0.3244711362021969,Classical
Handel - Sarabande.mp3,133.92857142857142, 398, 0.42454993138107794, 0.04351423680782318,878.6624658958543, 1268.6781702017315, 1569.5125474045983, 0.020409438699928895,182.00995557268362,24.027694159620665,1.7885351906703506,14.50976589444272,6.467012999329765,-2.605995268395013,-4.25016980841754,-1.2851954373714962,-0.7260941146234206,-1.81582435114932,-3.6758817622338316,Classical
Franz Liszt - Liebestraum - Love Dream.mp3,114.79591836734694, 339, 0.32570109464747227, 0.037635523825883865,996.1333415899189, 1286.2913090783663, 1707.173834143162, 0.0271144811788931,182.86057916648056,25.356188860933216,-14.12483755060941,-3.1158872447094996,-1.7188106682301447,-2.9219731800822815,-8.225962322345858,-10.318291341900217,-8.052717223596689,-9.492607756669676,-10.57627087549116,Classical
Horowitz (Chopin) Ballade in G Minor (HQ).mp3,132.51201923076923, 396, 0.34820947371172384, 0.046120740473270416,1442.741076203231, 2042.4591699530827, 3032.7761056622485, 0.02874837743485552,178.26204944442262,-4.078276349440335,32.456227065860304,3.8610880700007724,7.445806059064178,1.1699976176148832,-8.377069321885942,-0.832390486041085,-10.15424264375691,-2.358553051011387,-6.2762809587789965,Classical
Bach - Toccata och fuga - Best-of Classical Music.mp3,148.02631578947367, 418, 0.3910646831741888, 0.041980013251304626,1480.8719405205136, 1651.9207076468344, 2724.4520478047893, 0.04687529528377479,196.3270100466496,-42.18322304159552,15.16284223327696,3.9915501861790417,-1.6266629895343034,5.701713930168391,-5.272875610863109,1.5499162284360184,-1.9017093073770315,0.9628668194524902,-0.42102465352581414,Classical
Bach- minuet in G major.mp3,127.8409090909091, 195, 0.2973626562236291, 0.028094222769141197,1520.9431706978157, 1680.605215118794, 2687.3535364294844, 0.04345271431947699,178.77037668520458,-27.25819693756906,-0.44340614139882895,3.1190998159148355,-10.390801734013843,-16.816693550355915,-8.404791865663592,-3.181619159727294,-12.08662711166691,-7.458973558766138,-8.092467465978688,Classical
Franz von Suppé  - Light Cavalry - Overture.mp3,160.71428571428572, 483, 0.33931769570012454, 0.05090029165148735,1582.3046608930647, 1777.8022156180855, 2913.2676396954253, 0.04352071381881074,184.63132788293163,-28.210710775398574,14.454715599502869,-6.576850683853769,0.5085663593417138,-6.643797275270375,-9.631461937738381,-1.1447176388794469,-10.777394542716376,-0.3347283055584836,-7.917364557318483,Classical
Wagner - RIDE OF THE VALKYRIES - Furtwangler.mp3,101.33272058823529, 291, 0.3379373011714063, 0.1244562417268753,1984.8802551441759, 1817.414837042121, 3802.892282208422, 0.062041732425906215,183.89455050186817,-79.5568677838272,31.41892879814858,-12.753931560274278,-15.44786917198722,-0.0019154008705306968,-15.483249598261974,-2.8004403459517913,-11.634598274967528,-6.123065647629095,-6.6648071734637755,Classical
"Beethoven - 5th Piano Concerto 'Emperor' (Zimerman, Bernstein, Wiener Philharmoniker).mp3",130.8139534883721, 370, 0.36030388022174287, 0.06215321645140648,1621.7416093809268, 1653.5057828629365, 2981.0552893161885, 0.04554753236845224,184.719634691059,-37.086050174873904,2.731435262330459,-5.014135463304173,-7.100061714916687,3.009500658559884,-14.532251249653076,-4.028975004465712,-8.284018079437613,-5.830174713243523,0.34754922375944747,Classical
Adagio in G Minor (Albinoni).mp3,119.68085106382979, 355, 0.3470744016248776, 0.01478322222828865,1320.9035281777847, 1595.7483722403254, 2401.622959380185, 0.03596537450558485,192.09861678561006,-25.353885697009762,4.489133269540332,22.587906525567575,7.375292361997029,-0.19278386747745768,-2.2254546999637803,-1.275251402289605,-6.291653943440537,-1.2465057919079117,2.5350966324189494,Classical
Tchaikovsky - Swan Lake - III. Spanish Dance - Part 6_8.mp3,130.8139534883721, 305, 0.39269892200539064, 0.04631596431136131,2171.299839036692, 2636.6050924267465, 4353.526001697166, 0.04814419977217385,175.66827326798781,-35.80919447738761,26.230203141260834,-7.726065251292606,14.937584279607838,-11.825505941553796,-4.291587565608566,-4.164532007110673,-2.9801613926338444,-0.6206450554212964,-8.494872809594183,Classical
Flight Of The Bumblebee - Rimsky-Korsakov.mp3,160.71428571428572, 482, 0.36416762654593576, 0.036576610058546066,1269.2836505232344, 1574.8079887730294, 2245.4377703543496, 0.03145215815914613,187.4170900420634,-14.849031885169401,-3.65009279324254,6.551916593523153,-3.920108557185039,-2.511621107244852,-3.6869073249124207,-4.605816432541095,-7.567385541656432,-3.8443286966924024,-1.7618597641599698,Classical
Johannes Brahms - Hungarian Dance No. 5.mp3,144.23076923076923, 416, 0.3464833255336576, 0.13134320080280304,1662.0458218979911, 1773.9117199251612, 3313.0245059552026, 0.046031820799508176,192.88960364194386,-43.95128086884524,28.45336732507167,11.410807116080388,-1.1132833388139003,2.9161897846001104,-2.786556222293514,0.8208381547293802,-4.064348366164016,3.1532554498174363,-2.600988051893149,Classical
Sir Edward Elgar - Pomp and Circumstance March No.1.mp3,122.28260869565217, 353, 0.41915448641019154, 0.11636217683553696,1654.1953720110678, 1916.174405031869, 3312.341213113297, 0.03921289618022636,189.78743080152933,-46.74161609178521,40.496073240514264,8.871180567101675,10.68017451459296,6.023044988478253,-4.672760807694366,6.340912192217187,-9.605341122834075,0.7603765691247266,-4.481166678422449,Classical
Richard Strauss - Also Sprach Zarathustra _ 2001 Space Odyssey opening theme.mp3,152.02702702702703, 187, 0.44824817680244156, 0.06542939692735672,1369.1008323004953, 1834.9139807804675, 2666.949610189691, 0.03534396841481279,144.47433607811783,-1.9296566531052242,31.57866960980195,14.109837123364953,17.138056840378027,5.555323833668607,4.1657063285896205,5.768158177083785,-7.003766824134682,0.022261392220036987,-7.1273277514501,Classical
Mozart - Lacrimosa.mp3,104.16666666666667, 287, 0.29610362259102113, 0.04712466150522232,1175.551870393199, 1487.5948371258573, 2086.9735497155725, 0.02952637528887177,158.36723701419183,13.555535714639614,-0.1895108626491223,12.296575634032726,-1.2315989264015506,-11.695343538924984,-7.870466834174919,-1.1286299270781224,-7.901750251500195,-10.649435088660574,-1.9942473274263477,Classical
Beethoven - 6th Symphony - Pastoral.mp3,127.8409090909091, 372, 0.3543551822454018, 0.02976183034479618,1379.6482419374915, 1666.7883733767721, 2688.361523020858, 0.034820419206639606,179.9764523392238,-17.081936931228743,16.63924946727124,16.002610040628003,-2.4649255955822316,-4.813069794154556,-3.635132656695909,-3.9069677428173835,-6.058553969379682,-0.6067124200792269,-4.790880594732512,Classical
Air - Johann Sebastian Bach.mp3,122.28260869565217, 368, 0.3112263347582159, 0.06803819537162781,2439.6464495913124, 3385.059071135439, 4141.4073610452715, 0.05187719199973335,151.51681418980812,-28.17575346979659,14.971889958658974,18.695887320253128,-4.9730069685209894,-4.382941243078169,-2.983373457052572,-13.329463373704177,14.250675566229706,-17.987240120231597,20.430766949368195,Classical
Anne Akiko Meyers Mendelssohn Violin Concerto in E Minor.mp3,99.38401442307692, 295, 0.3275213963598663, 0.0732269212603569,1792.6546288929937, 2034.4858760192733, 3221.362465306332, 0.0548727785470685,164.64128618484452,-27.785117716481057,15.099968671650108,-4.879232445665202,1.385466251695311,-5.646941013800041,-8.948949150531918,-0.7122981425535536,-6.933778368517884,-0.21604630307293474,-7.037107809648527,Classical
"Gabriel FAURE' - Pavane, Op. 50 - Paintings By 'CLAUDE MONET'.mp3",130.8139534883721, 391, 0.30925878088215597, 0.03227851167321205,1256.8065216601656, 1917.4164739860823, 2076.0325314055463, 0.028269765726845815,164.85749907793834,15.134686718475125,2.5157641390773113,14.256292188281515,4.878640849540692,-2.0350556470699983,-0.4234570690693829,-2.0397052131284052,-5.567002498721193,-5.069790792630666,-3.9347232777003667,Classical
Queen Of The Night.mp3,130.8139534883721, 373, 0.22233401588160426, 0.1471542865037918,1716.9047001391261, 1805.395703195834, 3155.937981452951, 0.04230828566640495,142.25556290702167,-25.020845479251655,0.27850055410843677,-8.562041924858812,-18.561323402060903,-10.097639764653216,2.0080197533100237,5.618012641417003,-15.435402377241244,3.5120702148147074,12.72402453970557,Classical
Paganini-Liszt La Campanella.mp3,130.8139534883721, 391, 0.26033690851981584, 0.030858825892210007,1201.5321945116211, 1211.4127540641957, 1955.6868852216164, 0.04197980397457928,169.2487541223465,10.333925982273394,-23.47588785960269,-4.962818314052764,5.0104256414418025,-3.3855852143977354,-10.15658078779669,-6.589915913748081,-2.5528329230189826,-3.5051991747413127,-4.978322385482413,Classical
"Pyotr Ilyich Tchaikovsky - The Nutcracker, Act 1, Scene 1 No. 2 Marche.mp3",147.65625, 352, 0.3600614896232762, 0.05457913130521774,1507.800461069799, 1554.6040370188912, 2744.450937287023, 0.04646012536832505,189.1065141374942,-38.00452868145501,3.9566752804658973,-1.4177925572171726,-2.3379658535945453,-4.88951858556722,-9.907324831273037,-3.84010828068071,-10.483265040224737,-4.779819785000361,-4.396203551098945,Classical
Bizet - L'Arlesienne Suite No. 2 - Farandole.mp3,93.75, 284, 0.3916850746332379, 0.03803904727101326,1587.2087997309427, 1956.672172897231, 2962.99941484949, 0.03965766149043019,184.01301508333074,-28.14978324365715,13.010004354878218,6.2486200624350365,-0.4579948441937103,-1.2289651209679417,-4.42276305792737,-2.3558476766592618,-3.3728607500695635,-5.834377084459467,-3.3102059848442025,Classical
J.S.Bach - The Well Tempered Clavier - Book I - Prelude and Fugue No.1 in C Major - Sviatoslav Richter.mp3,93.96306818181819, 281, 0.3174149022232641, 0.03380291163921356,632.057869822358, 1118.8054674655903, 829.5547060184066, 0.018099947241437694,191.54110138843225,75.13594433555934,1.380789011597665,-7.833419874071712,1.7731772120410993,-1.9554999532423496,-12.767575402684754,-16.537830397795645,-12.166171091297008,-6.976916689635859,-6.135631329229659,Classical
"Beethoven 'Moonlight' Sonata,  III 'Presto Agitato' Valentina Lisitsa.mp3",175.78125, 500, 0.31061665155239043, 0.07220788300037384,968.5602659501671, 967.3026750316444, 1679.0657775835507, 0.028098363846957217,210.25631337466885,1.0941625873181948,-25.93099189566712,5.359452396729714,-5.104553674150669,-13.407819112523672,-9.945418722363785,-10.408490124775168,-11.694562719632726,-11.397917313356007,-10.4660566711313,Classical
Asturias - Isaac Albeniz.mp3,108.17307692307692, 328, 0.3474704311958731, 0.13757944107055664,907.7407013582643, 1309.6046904107004, 1451.766747155724, 0.022108614628392392,189.16009372897386,21.12888285588594,9.986942481471813,9.097982935346252,-8.67636109708887,-6.360634856461256,-1.6055140603034979,5.06742441029411,7.64578270761788,-0.8019868829700953,-5.895238764090501,Classical
André Rieu - The Beautiful Blue Danube.mp3,95.33898305084746, 285, 0.33513590497316814, 0.10010029375553131,1531.8493101035122, 1990.969578916482, 2792.853941988623, 0.036207460854171605,183.84983242737286,-18.299262157254542,3.9769293945407256,11.214624653359712,1.910217920745627,-3.5683954252666914,-1.633053264702325,-0.8680389751082492,-2.6057332132919013,-1.3642649052739733,-1.1280447627943129,Classical
Roberto Alagna & Bryn Terfel 'Au fond du temple saint'.mp3,125.0, 371, 0.34437495854964995, 0.053082916885614395,1725.0163213567832, 2800.619917168361, 2835.0097771983883, 0.051231512669619575,181.15940418841652,3.6446936528916734,2.656212909029067,14.236673552203166,7.844268879117865,-19.16078724700046,-9.191976212316037,-0.7313303226517208,3.7292639229990736,-19.850555377946343,-5.762234559585704,Classical
Antonio Vivaldi - Winter (Full) - The Four Seasons.mp3,144.23076923076923, 421, 0.3570072693950276, 0.024806899949908257,2634.0558355719804, 2469.630518689859, 4747.2992341194595, 0.07994037274642984,135.14509054634112,-55.131166115260854,29.364665130944587,3.1628189285113812,7.184830259548579,-5.295992509800437,-4.544402085755295,5.018400043764935,1.0229504513886825,1.538684263908032,-2.9171325442422624,Classical
Luigi Boccherini - Minuetto (classical).mp3,106.13207547169812, 313, 0.3322282097786962, 0.07989885658025742,1326.7460620857407, 1477.4820418347147, 2525.9836454136052, 0.03595267271198744,194.85775458127313,-27.05500861311463,10.96185363670917,25.639648837583756,1.6373780162455889,-1.2655422454845564,-2.0173377350840522,-0.2125360413127067,-2.822567624076654,-1.9638659657938518,-3.480748743055303,Classical
Für Elise (Piano version).mp3,175.78125, 407, 0.21426633693596753, 0.02845058962702751,818.0600208031261, 1048.8069965925497, 1313.6673795896, 0.022161838104335384,143.68737197062737,28.8873441228792,-8.578334970041762,1.4015922090763204,0.6473775655652217,-5.704038732110533,-7.666449818233323,-10.364451301082093,-11.62722570443756,-9.605447580365835,-7.201813200750107,Classical
Clair de Lune.mp3,98.6842105263158, 288, 0.3088776653252453, 0.055517323315143585,790.8464876230973, 1175.234217551668, 1067.2825869578098, 0.021919447597549775,175.53731953739006,58.3083149118883,-6.653657549554071,-11.777306440612795,-5.426718249705793,-6.63896559590416,-7.750118001497683,-6.705948344245509,-8.26022515779909,-11.948210191069634,-12.622880360934461,Classical
Beethoven Symphony No.9.mp3,114.79591836734694, 335, 0.3856207779983765, 0.03066607192158699,1739.3705271815775, 1949.785905795847, 3373.2806574425217, 0.042943346412805165,174.23583678489194,-30.83809200826727,15.810334722015684,10.183458679038706,-1.6094241092850325,3.021840881728321,-6.069211100990349,-2.2684406593511595,-8.24251068319098,-6.624189521965592,-3.4847767201189903,Classical
Moonlight Sonata.mp3,133.92857142857142, 404, 0.3357553027462657, 0.1289414018392563,746.3035591083151, 1009.2704195035851, 1276.9548841550131, 0.017094357371415028,209.21709808416475,21.463581042991446,-2.3210115651411747,20.648534056452448,6.790079009655356,-0.1698384340734284,0.14703898891831033,-3.397544428187511,-4.920164572417849,-6.499215606884251,-6.826142179443663,Classical
Wedding March - Felix Mendelssohn.mp3,156.25, 447, 0.38050260861145996, 0.07556651532649994,1224.0670090671927, 1464.6923302812918, 2244.611430433752, 0.03295788490311685,207.64083109218444,-20.178034403538067,-0.019815670890407398,15.428802538937365,-2.7285287578736654,-3.8766494369475586,-2.9738516839645013,-3.5364061308129267,-6.603028967017582,-4.754564065119006,-3.8744089619979802,Classical
Luciano Pavarotti  - Una furtiva lacrima.mp3,102.27272727272727, 305, 0.30601271475516395, 0.09357947111129761,1348.8238944926807, 1634.7585449817295, 2315.07392154539, 0.03389139439885044,162.2465786323995,2.3638418632121456,25.308532170612526,21.38914697519149,-2.5988861830043137,-12.260005436088186,-6.031396690663937,12.520089647046593,-6.469886687994812,-12.507476668215325,0.41189406608891355,Classical
Schubert - Ave Maria.mp3,187.5, 531, 0.2717325538757027, 0.028044231235980988,1089.9700910476433, 1552.991848620418, 1758.6277294678835, 0.02818125824025243,166.11585905694932,36.015251622873286,8.468153574919704,11.179039537328107,-1.6067409928719756,-12.914212559300765,-4.487166598291815,-3.16485866452985,-18.979212466508578,-14.268167517869186,-2.0300253179772443,Classical
Wolfgang Amadeus Mozart - Piano Concerto No. 21 - Andante.mp3,170.45454545454547, 513, 0.34012702810753487, 0.07561013102531433,1017.1258674200852, 1460.158295888655, 1680.3157035138659, 0.02688778743667042,201.90488152573087,17.399867729913332,9.129485492280299,3.624104289912753,-0.06442499793664304,-0.741332256525064,-1.1465104683758465,0.09249561825484001,-3.053052480387835,0.18473360877149594,-1.6568545664516945,Classical
"Schumann - Träumerei, 'Kinderszenen' No. 7, Scenes from Childhood _ Vladimir Horowitz.mp3",132.51201923076923, 340, 0.42343657981017385, 0.038353968411684036,536.0886011053849, 1581.8480958256696, 669.027980474949, 0.004344201345594347,154.92449147681026,56.44252529414001,12.449807862084063,7.450484402628031,5.939176160158668,-0.35851073712402676,-3.030719335315221,-2.8271730561978323,-2.132839217770172,-1.1282368072055973,-0.16403118015511944,Classical
Johann Pachelbel - Canon in D Major.mp3,133.92857142857142, 396, 0.4194774697829746, 0.07682426273822784,1824.3544500672415, 2412.2049345457267, 3646.442247866793, 0.039281092370452124,175.78636648922304,-23.887461052842053,49.4091407543536,4.8300886202649815,19.174954438223907,-4.9595149470857764,-2.6629874921036323,5.052542950435927,-16.624436041247883,7.8231117935550465,-11.652549421956879,Classical
Johann Sebastian Bach - Bouree In E Minor.mp3,133.92857142857142, 191, 0.3637587061794707, 0.03788468614220619,1288.6268237840056, 1743.7429899644399, 2285.7766302442446, 0.03288945408364497,193.60521884264168,5.622274006399193,8.235694641863201,2.211501128189047,-1.2128814794486527,0.43986887194067836,-6.667268260142677,-1.7439777831906556,-4.134133421198083,-7.187123174273497,-7.499168384638073,Classical
Rimsky-Korsakov - Scheherazade (1_5).mp3,148.02631578947367, 443, 0.34272902383884923, 0.00840790756046772,1361.262395986733, 1931.2452755073668, 2364.9417997452, 0.03483676661753378,170.07425767016488,-3.8891679793206833,9.512512830084546,11.654962846687875,6.252825752635456,1.5932590944158114,-0.05877011741972325,1.0746046855505544,-6.389147102657832,-3.4639220135203077,-3.1166444307548886,Classical
George Frideric Handel - The Arrival of the Queen of Sheba.mp3,108.17307692307692, 323, 0.3122291456917737, 0.058761853724718094,1639.651453392091, 1935.776347972763, 2884.904042723394, 0.041763584148717114,163.01698299713024,-29.82490668701408,1.381116088994001,5.020095940330507,6.08794185872168,-2.8870422156945676,1.0531791801601313,-4.035830950795052,-16.431406410963703,-4.4469163493601265,-3.059508765367974,Classical
Tchaikovsky - Marche Slave.mp3,106.13207547169812, 254, 0.38367769636692267, 0.04104386642575264,1316.752268179703, 1707.1346254386729, 2433.0766510132735, 0.035285409012799245,173.69019618421845,-5.501982196570265,10.185250405117374,15.468593880207814,0.32494930117525467,-1.0187690641141305,0.6264464252988282,0.889538490207593,-1.912535536898087,-4.066733522930762,-2.7020191682785444,Classical
Wolfgang Amadeus Mozart - Symphony No. 25 in G minor.mp3,156.25, 453, 0.2880187438348786, 0.05331890657544136,1622.4719157090233, 2003.9808084732294, 2849.3450388125148, 0.04124686129710832,174.75873844118172,-23.72660208861882,4.217804330675654,5.7074193505462905,4.8741984843028066,-9.525634120726183,-7.740126097553363,-5.079433632665495,-7.463744314852448,-4.172708285199837,-3.17312438503241,Classical
Chopin Nocturne for Piano No 9.mp3,106.13207547169812, 315, 0.2936666422502934, 0.03624884411692619,587.9224167000165, 852.4682178909559, 799.958150628111, 0.020443030459306115,183.0018426078859,78.72937602845397,12.793719030759549,-3.922552244708276,-4.310539250404807,-5.437972006745621,-7.4450374864210795,-8.145277764940818,-7.127296719499604,-5.343873863988665,-4.09470092559818,Classical
Mendelssohn - Symphony No. 4 'Italian' _ Chailly · Berliner Philharmoniker.mp3,144.23076923076923, 409, 0.3234555335425818, 0.035981252789497375,1370.1028150091124, 1739.8238034822018, 2441.160932198345, 0.035256586143520445,189.87319949567055,-18.427041611523784,7.4877153795777245,6.471753659075214,-0.43827516440811476,-7.281794781690119,-2.409713417081469,-4.263047661622854,-5.63750840553393,-3.5685010325735105,-3.740527507044412,Classical
Tchaikovsky - Swan Lake - Act I. Waltz - Part 2_8.mp3,119.68085106382979, 358, 0.36290434430186425, 0.037299323827028275,1411.7763235368652, 1815.881901022982, 2530.92085283835, 0.0365357110782324,170.8162483272528,-6.352682988809571,4.964987396809597,9.87737303689942,2.6012705128143674,-6.360565424394374,1.1338490748917838,-1.2420489373513373,-4.5005387577087745,-1.3944354598414261,-2.3252151260084433,Classical
Rachmaninoff Prelude in g minor op. 23 #5 HQ.mp3,122.28260869565217, 366, 0.3659794715778621, 0.05169251561164856,931.0208046450572, 1095.6090313250086, 1603.714687277791, 0.02641139784309078,222.29076784068977,7.923252092323861,-8.332060873825807,6.475920254161422,-0.6737449352891262,-2.0515233079575466,-7.436671055112103,-6.672370638708884,-2.5976335687305285,-4.130933549922021,-4.844166013940954,Classical
Bach - Badine - Best-of Classical Music.mp3,123.046875, 159, 0.2694314499929065, 0.05159365385770798,1408.7538156360665, 1737.8735659533872, 2488.4427688953488, 0.037355494705149504,166.85020905930654,-22.295419604653272,7.164920196277872,4.16386562684573,-4.269821343685669,-5.7254768538961045,-3.6651050209480256,-2.401909764675807,0.07247514932552078,2.6961556313462145,-3.510990203831098,Classical
Iosif Ivanovici - Donauwellen Walzer (Waves of the Danube Waltz).mp3,114.79591836734694, 347, 0.39408195481569835, 0.048051707446575165,1105.4552734017682, 1634.5956228581706, 1918.9168419649206, 0.028153800376644347,141.1993900757001,16.38043541433126,1.4793566869175148,17.2909844324791,12.5747374489945,6.511414103073756,2.849908266343698,0.04497497370648332,0.37869243109003986,3.1063784290609178,4.072040933385723,Classical
Concerto De Aranjuez Adagio - Joaquin Rodrigo.mp3,119.68085106382979, 356, 0.33146007927919857, 0.06077093631029129,1131.4571878661848, 1777.337609638276, 1850.4986741526427, 0.026285161110823064,174.88657731814527,19.111261235920235,9.508348887715414,13.298473181287392,-0.41925198270590935,-1.4188796843600908,4.737191532364988,1.2460689623965953,-4.862514302615503,-4.72133723093822,-7.061176998498309,Classical
Tchaikovsky - Sleeping Beauty Waltz.mp3,108.17307692307692, 316, 0.3471153585318335, 0.060225773602724075,1214.3803635840966, 1399.3711338502212, 2291.351716194596, 0.03501577800019258,217.69149946464552,-22.852571748787785,0.00945066108787067,24.175602052990044,-6.846975379457292,-2.440012578871932,1.7791713769671367,-6.030875369539729,-3.2405698618483068,-4.160194080753807,-4.0864570316781474,Classical
Vivaldi - Spring.mp3,114.79591836734694, 336, 0.3300677722316809, 0.02714354172348976,2870.743433634689, 3445.1751058248574, 5941.045160286798, 0.06096701792671545,122.81674167512993,-25.31607118121956,25.48239865870492,-14.424190826159402,13.076320877410536,-17.15993897724472,9.684837471658067,0.2572832704305399,6.54087872891058,4.053708030542506,-0.14158753039159974,Classical
Grieg - Peer Gynt suite - In the Hall of the Mountain King.mp3,112.5, 253, 0.4424051890878524, 0.056614819914102554,1583.7733305970705, 2021.256609286393, 2804.1392132436813, 0.03445409470305277,149.04756541698302,9.5479421653439,20.184379737561883,10.488962643900342,9.064837576460222,7.181149185499829,2.754223257337442,2.0533028103345328,-5.316610032949606,-1.7132261157269129,-1.1824394826301836,Classical
"Mozart Piano Sonata in C, K. 545 (1_2); 1st movement; Eschenbach.mp3",152.02702702702703, 441, 0.2326198318452168, 0.14877638220787048,980.302992416044, 1147.7146608116134, 1465.1423434166863, 0.02810169119607727,194.19425649843265,23.118779978584545,-24.341264805790743,-7.572621483560446,-6.281024987817374,-11.05349989383822,-11.085728992451715,-10.431309252447166,-8.902793148071082,-6.879862456557896,-6.651874000795632,Classical
The Thieving Magpie.mp3,170.45454545454547, 439, 0.3480166073485003, 0.08669038861989975,1345.0149171522455, 1647.6109005559192, 2505.5781087535743, 0.03405571330947817,197.65830467929206,-25.888003021320706,15.236848334528135,8.582145566725973,6.8800047354598926,-1.0749614231844706,-2.1772950098374633,-0.6257112491608339,-7.49804447847517,-2.2064570904724183,-6.734040540558269,Classical
Luciano Pavarotti - La Donna È Mobile (Rigoletto).mp3,137.1951219512195, 379, 0.2762897457165992, 0.08697186410427094,1785.8797555948072, 1580.7527933466208, 3058.4229569337585, 0.05389797911975355,167.2403992885691,-46.18996799674508,-3.135843212344095,17.749919782636532,-3.110752385445727,-9.542109040786007,-6.941390451847466,5.686334435588748,-11.453835015229258,-13.587524190330761,-2.3584178274896317,Classical
Rossini - Overture from the 'Barber of Seville'.mp3,93.75, 273, 0.31752714374565205, 0.039916977286338806,1339.2059378124197, 1649.6071890988612, 2414.468031524058, 0.035555560827876864,154.98116713742968,1.5842614131493407,1.4091055829328463,13.178298171900378,2.0871464557755774,-4.527476174593191,-4.378226220678185,-3.076116248458645,-2.93634722381948,-1.1852542313771384,-2.3660686063712157,Classical
Franz Liszt - Hungarian Rhapsody No.2 (Orchestra version).mp3,123.046875, 362, 0.29846649181620466, 0.08479290455579758,1348.52250580332, 1417.3389841346052, 2431.893628005273, 0.04019901996057469,178.77251651514266,-27.173003370580837,1.8769351900967666,11.178878370297067,-3.3782366264131634,-3.0649998633153497,-6.3095150357104295,-4.173473590206736,-5.813026275260067,-5.219821475669881,-4.8257599472823784,Classical
Georges Bizet - 'Les Toreadors' from Carmen Suite No. 1.mp3,127.8409090909091, 271, 0.3469684659309308, 0.041694220155477524,2003.958985342827, 2162.1558037454756, 3900.046789927405, 0.0513356619002382,164.22065801179943,-41.725915173726605,22.627413134416102,-5.065898156269942,9.00995240858786,-3.4819660849579024,-3.012228971738476,-1.456003591874792,-5.617523649090515,-2.169068071935477,-5.68886605633216,Classical
Piotr Ilich Tchaikovsky - Waltz of the Flowers from 'The Nutcracker'.mp3,95.33898305084746, 276, 0.35907787738825353, 0.019103191792964935,971.212582896137, 1556.5380203842205, 1524.5721549834084, 0.02414408428574603,167.66438134430572,26.827120673238653,10.109347845919803,7.472208895672293,4.036385093422369,-3.96777058804962,-4.867471309500769,-4.414608425273347,-7.129260635608483,-4.810993126672764,-4.54255834287447,Classical
Beethoven-Turkish March.mp3,129.19921875, 199, 0.35999859449811866, 0.04595828801393509,1549.5461128065983, 1760.2676698970822, 3057.0010939023277, 0.04537403795622106,198.22208819377383,-45.42489989868204,31.390121543508805,3.5505736257648706,-5.166116124394108,9.307767355418054,-11.020297773938383,-1.9122981382578361,-6.002309069622715,-3.369040136956419,-0.4121493286197402,Classical
Tchaikovsky - Piano Concerto 1 - B Flat Minor.mp3,78.125, 231, 0.35075417004744236, 0.084951251745224,1118.188054335269, 1429.1017117368044, 1976.1620607667694, 0.029342126948032708,212.71348584736288,-6.068240426916936,2.2685457549812953,6.910785154043592,-1.3760253976706989,-0.8698480599981208,-7.505757166165787,-8.001549642013643,-7.772560347477171,-8.280314022663466,-4.464998279255918,Classical
Brahms - Hungarian Dance No. 1 - Part 1_9.mp3,144.23076923076923, 395, 0.44909904815823615, 0.06444384902715683,1281.6342905963324, 1794.3046501374968, 2284.4796512554167, 0.029979634825866682,202.149457133778,-17.975584363117967,10.487598978664746,13.437326731235489,7.167912958416816,0.766497476325532,2.0683363920442455,-1.7262624326316969,-2.9131785428459707,1.3191610399435452,-0.0070469684525252705,Classical
Mussorgsky - Night On Bald Mountain.mp3,102.27272727272727, 300, 0.3979483439035316, 0.049859385937452316,1676.705944538787, 2023.6233796004783, 3285.7858423204552, 0.041978415167990044,183.15495261320243,-31.506278471270377,24.614310814883428,7.7509970521446965,2.790711483297912,3.246872722726756,-0.4005453333546072,0.934274953176142,0.4244779650892322,2.5090894231284566,1.9592395637344662,Classical
"Bach, Violin Concerto in G minor, BWV 1056r.mp3",144.23076923076923, 422, 0.3247979033929159, 0.12792831659317017,1613.8262348758587, 2025.2778272064725, 3092.233423204551, 0.03964073541012385,175.7163599760083,-28.503861674543725,27.072525535010822,14.264302203970862,0.10868407899416369,-6.7006400143723015,-6.137171585903702,-3.841963695044502,-4.213946475916747,-1.317104736042401,-2.8156024603195924,Classical
Tchaikovsky - The Nutcracker Suite- Dance of the Reed Flutes.mp3,140.625, 302, 0.3490619186162609, 0.037158094346523285,1167.9688033424336, 1567.3729462981744, 1912.697949583453, 0.029442721144696208,173.59477328956876,-2.9329742486682893,-2.1148500640264074,2.6381570587035954,3.8716978566740434,3.2893972232236743,1.2235394644259887,1.509309305501896,-1.1934238113318472,0.8745246647487739,-2.555186003332069,Classical
Beethoven's 5th Symphony.mp3,104.16666666666667, 300, 0.35504525316682406, 0.037647198885679245,1261.2837442070831, 1539.595078722005, 2355.0146102453186, 0.03212798616563463,196.40183364515525,-17.15093303164887,4.323965684128246,15.660835422578337,0.32523141634334085,-7.321607438762257,-3.2346504624014636,-1.8739242658087554,-7.726591465450448,-4.078665853675288,-4.285249951793116,Classical
Johannes Brahms - Hungarian Dance No. 6 - Vivace.mp3,160.71428571428572, 448, 0.4071673122447521, 0.06353341042995453,1525.8509159553848, 1971.0544588101613, 2835.869096963487, 0.03705949778587618,182.88591282246693,-13.859738619986532,9.625212649509242,0.5678189805683539,11.149321301903264,-2.299911354230538,-0.13865327493925933,0.30299266203585945,-6.548474460667714,-0.14077551551390696,-2.5975680552125393,Classical
"Antonin Dvorak, tempo di valse.mp3",127.8409090909091, 377, 0.3768214296552424, 0.033939868211746216,1343.3064961375949, 1783.9491391787753, 2544.792253051671, 0.030961677965379828,185.5098004522812,-12.781688883409672,10.95469293995511,17.98848612548852,8.820813430431041,-3.693429490554134,-1.4989935251247755,0.8593204204777033,-3.241767920414702,-1.6091795165253597,-4.629247523656872,Classical
Samuel Barber - Adagio for Strings.mp3,117.45383522727273, 343, 0.349219464319132, 0.013112148270010948,1434.0353785250875, 2015.754635432578, 2761.119414999758, 0.03414170587025929,166.7769852581164,-13.324959506473055,15.052510454600736,24.82799434136071,8.781081613426936,-2.548236158758651,5.871124064976951,0.9085675688808823,-2.7422812653086224,2.217324475545458,-6.281942833239961,Classical
Franz Schubert - Marche Militaire.mp3,104.16666666666667, 308, 0.35697290166738316, 0.05289798974990845,1633.4743778499421, 1926.243658930447, 3035.492341194596, 0.04511078162960713,193.516587433348,-28.873725042309964,12.549162717170157,7.935268611930775,0.327973127433937,1.7150689893229087,-2.4725758146458143,-2.1158910677040796,-1.6166390087594722,-3.5902560503191143,-2.5087062847900623,Classical
Léo Delibes - Sylvia - Pizzicato.mp3,140.625, 304, 0.33381295001081485, 0.031648676842451096,1466.9342896116248, 1631.5496544684102, 2888.523541681523, 0.03528038339914783,150.5964513366814,-13.950599782974988,6.471005009375824,19.447681018687543,-5.958949216772541,6.245601146144215,7.150383130280579,-2.3486953490689904,1.699910973659181,-2.4488691518787924,-7.1549470207809245,Classical
Camille Saint-Saëns - Finale.mp3,104.16666666666667, 182, 0.3671992640834737, 0.044229526072740555,1046.3393162991847, 1092.5688936014099, 1948.4165109734179, 0.030780887865386436,232.19272970208968,-8.055051151930266,-21.60462758203712,20.087347604461623,-4.799534378399284,-8.595751630082377,3.7914190778217143,-7.605095389360835,-12.873349913615355,-8.528021263660417,-7.479429364939565,Classical
Antonio Vivaldi - Autumn (Full) - The Four Seasons.mp3,108.17307692307692, 317, 0.32786831298226576, 0.01995144970715046,2506.007531680743, 2352.8928702365565, 4510.1980067847835, 0.07999135352164316,154.70024057451434,-62.883866143903,35.972203695036555,2.317422315206166,7.829762690553366,-4.260799272194586,-7.417983219923866,2.807065336363128,-1.5315673852524858,1.724383613582984,-3.3040105488939697,Classical
"Tchaikovsky- Polonaise , from ' Eugene Onegin '.mp3",104.16666666666667, 216, 0.35180753911400714, 0.05189245939254761,1520.4259630394115, 1764.524263851527, 2766.333291360512, 0.04008645552485779,189.3898257838105,-27.187820512097268,11.544432160099827,-2.5706801201984653,1.1667337534079503,0.8613039999621999,-7.621227932284087,0.40454240008956194,-8.43960257514753,-1.5077959740788087,-4.707258024877264,Classical
ROSSINI- THE BARBER OF SEVILLE- LARGO AL FACTOTUM.mp3,125.0, 370, 0.32721868980073665, 0.040256235748529434,1591.0715537541862, 1639.4164221354376, 2686.8018932211426, 0.04694770981164079,182.14161722195652,-29.871319286438045,-8.49567399474455,8.102941920245419,10.109409319058011,-5.999233769032995,-19.427122940318142,-2.0427773821236492,-3.1839859476247048,-13.12468898685671,-14.385926038327533,Classical
Frédéric Chopin - Marche Funèbre - Funeral March.mp3,208.33333333333334, 603, 0.37713931577879417, 0.01328420452773571,1131.881088583865, 1809.7519801682774, 1993.2749355593742, 0.022830736187855534,179.76549974206043,37.7250618485936,6.778232002669412,5.684734421427626,3.7963698108887005,3.9029399978685455,-6.562908116328639,-6.981171192576879,-5.742417206001065,-7.927537900853163,-4.481009386931395,Classical
Giuseppe Verdi - Il Trovatore - Anvil Chorus.mp3,123.046875, 353, 0.3688552698667895, 0.051790811121463776,2139.3767218723942, 2542.300476741635, 4017.4909845594284, 0.05937221594024123,153.80831718228598,-32.608952008066225,12.557763033523084,3.3454013404193477,12.976897019144532,-14.254869113640122,2.6186741321561637,-4.840164534052818,-2.1128439094516924,-0.5100972622396325,-1.185693004451522,Classical
The Flower Duet (Lakmé).mp3,122.28260869565217, 352, 0.2725590473486953, 0.06088431179523468,1321.381386766567, 1841.8648765823941, 2214.3257251422137, 0.028928436185263095,162.2436897106534,9.214225120265445,3.2439444221791853,2.603942790847456,-6.673371183804075,-15.4553350191095,-9.437986993392503,-4.173104058144805,-12.712456537765302,-8.419316125999853,4.473596426214647,Classical
Swan Lake - II. Dance of the Little Swans - Part 3_8.mp3,98.6842105263158, 147, 0.3480052822802807, 0.010393744334578514,1278.126796638562, 1866.8329201250724, 2172.6365325294446, 0.031759860926107684,156.3868833282279,12.53561065399318,-7.435902789636203,12.209790672703026,1.901257007015169,-5.998741078847718,1.6887524886696568,1.2479492778280878,-5.303537538856631,-5.532769649059375,-2.6095300010366613,Classical
Martin Garrix & Blinders - Breach (Walk Alone) (Official Video).mp3,127.8409090909091, 358, 0.5225649747191579, 0.2728957235813141,4108.3326112744635, 4044.1412657510195, 8619.043384159128, 0.0835405308249955,115.41027131349497,-31.025535882264332,40.99105385497527,-23.48560090041867,29.275303750936775,-15.083437370841839,18.188110448982105,-4.371500337044682,11.120545786631672,-2.4101276256953903,5.187581358816499,Electronic
DJ Snake - Magenta Riddim (Audio).mp3,135.99917763157896, 409, 0.47568752841069817, 0.3320063054561615,3149.3435817331606, 3492.7081777526855, 6785.504802314121, 0.053645493199335655,118.3401119886156,-40.347626089312534,21.032497589064693,-20.381989064546534,25.16037352588455,-10.549064892128873,20.340415901367486,4.123768869440131,20.723688049196536,4.057893379532431,10.763245131783997,Electronic
Alesso - REMEDY (Official Music Video).mp3,120.18531976744185, 360, 0.4778973480508273, 0.177318274974823,2612.3505540325086, 3287.3824589876, 5896.050458500629, 0.048161147425664345,141.09967651162322,2.6897475518069625,37.939591757570355,-11.98585978604276,22.220654100172972,-11.085833734841938,9.617556112694833,-4.915921210245676,3.4890442208922128,-5.083979588282289,0.6145243374840473,Electronic
ROBIN SCHULZ FEAT. AKON – HEATWAVE (OFFICIAL VIDEO).mp3,108.17307692307692, 316, 0.4687179223617994, 0.3134044408798218,2473.975278304581, 2976.9717861607537, 5268.579454550842, 0.04496400213320692,149.85518265412915,-9.9610826520175,47.26882208763776,-9.870619431144886,21.399926254749047,-11.3204534631442,7.755023703465009,-3.392996563820454,-2.9445449441793494,1.1830632585700493,-1.589565427632454,Electronic
"David Guetta, Martin Garrix & Brooks - Like I Do (Lyric Video).mp3",129.19921875, 380, 0.4827215058079661, 0.3627212941646576,3555.2049923088716, 4022.6346277972943, 7962.032410234859, 0.06295250419246647,116.75260586654753,-13.579626894844633,47.66375521805485,-10.537209362349866,27.354854100154938,-13.285058764413865,14.835196282658467,-7.952853284109709,11.169763322943586,-7.551483920610101,4.403457870689573,Electronic
R3HAB x Conor Maynard - Hold On Tight (Official Video).mp3,117.1875, 357, 0.40278210986128915, 0.19284869730472565,3059.2757128792477, 3598.6186836530924, 6921.559277968713, 0.05871995779879711,145.65837765885965,-17.88643858325926,34.273185535691105,-25.38135687319731,28.024412923820584,-13.637462175934811,11.593519053285172,-5.650306828876258,2.6129506668146343,-5.762187836553593,0.9521232446200997,Electronic
"Felix Jaehn - Cool ft. Marc E. Bassy, Gucci Mane.mp3",95.33898305084746, 282, 0.5120985353205874, 0.08084160834550858,2953.8612295203757, 3372.080931853155, 6210.684737200759, 0.05457957815462788,132.28860707204745,-24.502093002301997,45.72766294445318,-6.819703416764779,22.6275884343841,-6.311681881845103,12.618981239877003,0.3887220456166756,1.9879565881731325,-0.5337023855163184,1.3282967386419609,Electronic
Galantis - Runaway (U & I) (Official Video).mp3,125.0, 377, 0.39936666245505864, 0.11248200386762619,2726.7511707519084, 2921.9592413655605, 5566.763173293434, 0.06012488033116556,144.27532095160092,-27.736975898100688,20.46335751448067,-11.256590692505457,17.845836762484154,-13.520252938728436,7.328336330283832,-0.9767251968768652,0.05416160313647234,2.841525736643395,1.9641868677936787,Electronic
Jack & Lewis X D'Maduro - Let Me Love You (ft. Lirical).mp3,140.625, 426, 0.48470212180125427, 0.17066331207752228,3279.011014782669, 3691.580163291451, 7510.177174685945, 0.05580297209239452,132.84409269813935,-24.639508951047997,40.85644112439933,-32.62447609873007,35.29421331983699,-12.694687579752124,5.034924075674209,-1.9403993072268266,6.43565609787613,5.935238350703584,6.123191520409232,Electronic
"Calvin Harris, Rag'n'Bone Man - Giant (Official Video).mp3",123.046875, 361, 0.5464437021142419, 0.19936378300189972,2986.1457715211245, 3502.331216714274, 6318.768735714372, 0.06320921087904734,128.63962590242429,-18.32200142235018,42.61633557579589,-2.8425093265662813,25.046395411247577,-3.1267557682905776,15.892418530398498,-0.664089608803374,10.471861980223006,-1.6926606207830415,2.596425959876752,Electronic
Gorillaz - Humility (Official Video).mp3,160.71428571428572, 479, 0.46274583919048845, 0.1330709010362625,2287.4345424002063, 2776.434253254867, 4467.918567788575, 0.047938449712239276,165.87350360610714,-39.10976396836692,21.283947961109465,-4.745677722320424,10.020596207125982,-5.7467490726465575,7.7477393911595644,-3.6616426119437437,1.9312820372065322,-1.8064864048805318,4.456355691378244,Electronic
"CNCO, Little Mix - Reggaetón Lento (Remix) [Official Video].mp3",93.75, 270, 0.4407539548016714, 0.2712686359882355,3310.2537207296878, 3684.7706919286297, 7072.553107963972, 0.06136274100423678,135.98075377630997,-29.651464772063548,38.83658862676049,-16.282558502910558,29.978612696625838,-23.072680715274988,13.256791327751824,-8.398021155192051,2.1570022697856226,-3.941353744601267,2.984236517093991,Electronic
Benny Benassi & Chris Brown - Paradise (Official Video).mp3,127.8409090909091, 378, 0.4693456868999849, 0.16062021255493164,3220.4067979526626, 3517.82027963244, 6935.422345342498, 0.06413352588365134,134.34760155836602,-21.856907433693593,41.63976309152131,-20.05288188508873,18.824438508630507,-15.527459245733251,4.402396351522787,-8.044879519313689,3.1739031523821666,-1.3518705995716316,-0.8742420302883908,Electronic
"Zedd, Liam Payne - Get Low (Official Tour Edit).mp3",107.666015625, 323, 0.4522903242702333, 0.15885594487190247,3888.2530084448167, 3918.679780495417, 8420.337972257159, 0.0865989976377064,111.6521489981927,-21.311277132346163,46.076721852725385,-22.477511330623972,34.412371622416075,-16.642372939505595,17.45887006957392,-11.297576047504261,11.629671842986843,-2.512550434632042,6.264957856906559,Electronic
David Guetta ft. Zara Larsson - This One's For You (Music Video) (UEFA EURO 2016™ Official Song).mp3,148.02631578947367, 388, 0.4919306756902316, 0.18004648387432098,2731.7790155133966, 3084.472939744684, 5868.3466905664845, 0.05269820816173856,147.7097409598537,-32.512549121897585,50.122967041899905,-13.79769325520311,23.308161334319916,-5.148523167054057,14.026822621975437,2.2280121946192697,5.809257058233043,12.458147906739933,0.5201521435497481,Electronic
Krewella - Team (Video).mp3,101.33272058823529, 304, 0.4705664599244806, 0.20529933273792267,3789.2158721624396, 4081.9691040448524, 8525.783167977821, 0.07102885999177631,106.67040171278643,-4.222022886038945,43.168263350696805,-12.913576802583473,28.642968443029407,-14.101647596650887,14.453691794530556,-4.788029216389694,7.457463100168654,2.5617430461432353,8.394529581158476,Electronic
Martin Garrix & Bebe Rexha - In The Name Of Love (Official Video).mp3,133.92857142857142, 390, 0.35109107706243564, 0.2020573765039444,3123.6908017483465, 3636.5797462687055, 7025.966979734534, 0.05762031231482579,128.30684023409256,-15.70705783795848,29.793429916437283,-21.54778524520199,23.78290315587088,-13.522132812923548,15.263621971069524,0.8070375104856332,-0.9844667786012615,2.782595621917515,0.3131423669966009,Electronic
Felix Jaehn - Ain’t Nobody (Loves Me Better) ft. Jasmine Thompson.mp3,117.1875, 354, 0.38816696157380826, 0.1588364988565445,2391.142362202412, 3012.9737574082997, 4988.234956447025, 0.04337370285464565,155.0887642287554,-8.98199945900787,34.255175897523934,-10.07014610586514,17.739866963246673,-14.132267498922104,4.528143042748469,-3.8118389587903034,-4.462038152546975,1.9622578240872366,-3.570526759400559,Electronic
Lost Frequencies - Are You With Me (Official Music Video).mp3,119.68085106382979, 256, 0.4334016611879546, 0.14892072975635529,1795.0368939691336, 2467.884521683047, 3692.694266674495, 0.029927504721504617,155.33467528835072,3.733794185137469,33.80387234418368,6.297098253860731,19.783477829126763,-9.033682893150774,-1.3944780160785994,4.679036010552831,4.7788530885920055,-0.5855007876633226,-14.522239271923148,Electronic
Flume - Never Be Like You feat. Kai [Official Music Video].mp3,119.68085106382979, 357, 0.3936482020892046, 0.23858954012393951,2905.738977567446, 3359.396294603885, 6247.560329758237, 0.06267452669471439,145.03265159439528,-21.48755019489072,33.309250882324854,-20.272996040551597,21.197506530277717,-18.024583556379532,4.443065313780364,-1.4144229234907448,-2.966683024636257,-0.40065216792741853,-1.974276515913897,Electronic
"Selena Gomez, Marshmello - Wolves (Official Music Video).mp3",125.0, 355, 0.45228415176178033, 0.15180586278438568,3083.809369432796, 3487.3119340796543, 6678.369522546812, 0.06373933628007229,136.14204357451496,-17.01006398616808,38.96041703298254,-8.154659881843859,24.808871706255477,-11.227800870841818,15.51327423340435,-5.657071506368195,4.790086615672388,4.915901745514537,0.35759134971929235,Electronic
"Calvin Harris, Dua Lipa - One Kiss (Official Video).mp3",125.0, 370, 0.5057409810904674, 0.17565296590328217,3139.185197017672, 3582.3553563572827, 6604.741941218298, 0.06138614818195959,137.6626232449703,-7.9325594947657745,36.74724703297102,-7.130626104068566,25.47012713733967,-9.719934443000914,15.786584172887375,-2.3874452536643394,2.0994676623740394,0.6815276450614827,7.3841275777536675,Electronic
Meghan Trainor - Me Too (Official Music Video).mp3,125.0, 367, 0.4733301759890648, 0.1545008420944214,3051.6944788865944, 3608.68418359912, 6383.016191633088, 0.05824243979986371,124.85430047017263,-10.272144014160714,45.091680696520214,-6.726834329304911,21.945524402258087,-8.70802779445733,16.332403507639214,-2.1259149216861752,6.155252559838464,3.453877856194658,2.3621278226745925,Electronic
"Zedd, Maren Morris, Grey - The Middle (Official Music Video).mp3",106.13207547169812, 321, 0.37332600949093575, 0.112228624522686,3274.1939897979682, 3590.1174186141625, 7020.2173204550845, 0.0682325306648495,129.8605985969579,-23.579495992924993,42.47391347616713,-18.35672378730772,20.995731265141384,-15.91697496853164,15.696683066662615,-5.311391996526066,1.3546305658659936,7.562479357318114,-0.773797000220882,Electronic
MØ - Final Song (Official Video).mp3,104.16666666666667, 279, 0.49797444916231687, 0.15379540622234344,3159.1016102318276, 3571.918160648431, 6883.917064173975, 0.054728093659264634,120.90983659921773,-11.082572009711994,44.567286934188786,-9.36583717411403,27.731128894933374,-1.4481692870721827,17.650150631603204,-0.7354371824694407,2.7403439947419694,5.553310908741485,-2.728008302503854,Electronic
Martin Garrix & Loopers - Game Over (Official Video).mp3,127.8409090909091, 328, 0.5335412986455538, 0.36689358949661255,3409.196662355968, 3792.4033402819955, 7271.21621505892, 0.05991414332265689,136.75547463227835,-26.64146402668714,34.53821146224629,-20.22501021221612,23.855018617739443,-9.021695997044711,17.138261382625448,-5.942765677455746,12.664228583489521,-0.6818094322856774,13.08068818718051,Electronic
Duke Dumont - Ocean Drive (Official Music Video).mp3,114.84375, 344, 0.5226540202939648, 0.23479576408863068,3496.118214705322, 3824.1494167163637, 7927.2228985009915, 0.07327494114422084,120.76208187635535,-18.46967221516548,43.42268408730713,-18.49171199950494,28.914233709337736,-17.385123177314004,22.045579452550605,0.0010326207887619715,7.3053420767107635,-2.4611546713216192,8.00285321021574,Electronic
Cashmere Cat - Trust Nobody ft. Selena Gomez & Tory Lanez.mp3,156.25, 441, 0.42529504623632924, 0.2242625504732132,3116.573225892142, 3629.768101492689, 6745.812748133444, 0.058097425245170656,136.15145768248,-4.683589923743134,32.54041511971113,-17.393958599671606,23.776565371869236,-23.002847327041085,10.363461916738565,-6.9516878220599745,-3.154109494489827,-2.618233040035945,3.0904242338345425,Electronic
David Guetta & Afrojack ft Charli XCX & French Montana - Dirty Sexy Money (Official Video).mp3,161.4990234375, 448, 0.44750284622873276, 0.21319453418254852,4136.124895129184, 3926.4939489693243, 8753.740725994814, 0.10136503379935313,101.83846507945627,-21.234112682796287,35.56266498646638,-22.68009890677995,24.930667129038113,-18.154055352380777,20.310167417627984,-6.610851049923396,4.396951775954208,1.444063186012049,3.9580484442455783,Electronic
Jax Jones - You Don't Know Me ft. RAYE (Official Music Video).mp3,125.0, 364, 0.4471764694451868, 0.2485048621892929,2760.7652063416035, 3136.082233621031, 5744.120718772221, 0.05438317775613297,129.68673164247735,-19.820460012595227,43.97538264630135,-11.53973837714924,17.925847738915415,-12.733363119013013,10.72321133728486,-0.5208461231943264,-2.2764046670473155,6.375315448880946,3.4757679290131076,Electronic
The Chainsmokers - Paris (Official Music Video).mp3,99.38401442307692, 282, 0.5124455518249424, 0.21688999235630035,3006.529083086989, 3639.8634591089594, 7016.790903758708, 0.051985387339557536,131.6385169682023,4.263787967584253,43.12004450222896,-12.246790671554585,31.998590400597084,-21.70764067344227,16.507017026939952,-5.950280111631867,3.5462891115877,-0.37923923247454794,5.704972353625881,Electronic
Marshmello - Take It Back (Official Music Video).mp3,95.33898305084746, 282, 0.37356288795419224, 0.2337619811296463,4111.010975109231, 4285.577273348323, 8924.400313314767, 0.09436046729638244,117.43540164625686,-43.0606835013979,20.89599771443667,-23.953674665483547,24.63757209029579,-19.079564276468876,17.055954196938252,-15.33676936139841,14.609051657921889,-11.730232430592189,8.837087084730083,Electronic
Calvin Harris - This Is What You Came For (Official Video) ft. Rihanna.mp3,125.0, 367, 0.4274099350724357, 0.25380346179008484,3098.961069623689, 3614.331553706517, 6908.417001214742, 0.058470464481734416,137.78746428170325,-19.58004527986954,36.24676144040294,-19.375470799430254,23.586504028717698,-15.045009847648894,14.353906062475343,-5.33453378863545,1.0049564097940098,-1.8147680170883012,-2.1452792646850027,Electronic
David Guetta ft Justin Bieber - 2U (Official Video).mp3,144.23076923076923, 429, 0.45594528673923285, 0.17531175911426544,3274.138829972252, 3716.3134395686825, 7439.913282916568, 0.06023421991659753,127.13085913626173,-6.721097273402095,52.25380765993993,-10.40784244064001,31.597760244140755,-16.939192112169547,7.852632463591851,-1.5769399831611421,0.31365745271194595,0.07696203669473985,-2.342442332552857,Electronic
Kygo & Selena Gomez - It Ain't Me (Official Video).mp3,100.44642857142857, 301, 0.46665068258014963, 0.12719382345676422,3283.0312746599593, 3755.078996648016, 7225.882910642333, 0.06687488542345639,132.26374271147216,-21.631006018953972,46.774627882606886,-8.557362066713738,25.4173733084377,-14.957135209531556,17.86251150137062,-5.465593472917288,1.8752356770869991,4.705143756925072,-1.4962405889620145,Electronic
Martin Garrix & Dua Lipa - Scared To Be Lonely (Official Video).mp3,137.1951219512195, 394, 0.4173421934314666, 0.19914044439792633,3092.7648794259258, 3637.480484529438, 7062.1176152524295, 0.05474102692062693,126.49610153766419,-8.48840624603404,43.15766172405229,-9.923282267120321,25.820431404489316,-13.970390191795175,11.022499196693447,1.0055191940218755,-4.6050976129785735,4.050522917323655,7.600947579489367,Electronic
Charlie Puth - Done For Me (feat. Kehlani) [Syn Cole Remix].mp3,125.0, 371, 0.48661727810941763, 0.27978554368019104,3300.9811837561942, 3758.9889152780056, 7412.6996178004265, 0.05704962854053093,132.59449928188852,-20.971965919936363,50.79704319895509,-12.192624998293626,29.94977600466552,-13.47022014463336,14.508343541004171,-1.384839583178081,6.0939313545785545,1.7167313037324745,3.207289182893058,Electronic
Kygo & Ellie Goulding - First Time.mp3,181.4516129032258, 504, 0.39235313524707033, 0.17113050818443298,3565.048923546469, 3843.6098619891823, 7850.619500325906, 0.07398297114800605,123.28484751871477,-5.1209162976186295,42.92816095319057,-18.470002343361884,22.38925564680515,-19.309167101115772,7.869450430092664,-11.093639264612257,1.0792388744268473,-5.037975721835689,0.5929865727161461,Electronic
"Zedd, Katy Perry - 365 (Official).mp3",98.6842105263158, 289, 0.41666573429688314, 0.22349382936954498,2777.335404368386, 3498.327098453225, 6279.600097771984, 0.04532370303981986,126.36634891551284,-2.507857749347746,45.24417571693331,-5.7290283124181896,24.51882629102275,-11.559823064035864,9.278909688761091,-2.7076556209337395,1.0826294778735537,1.956449222793321,1.0233341417186024,Electronic
The Chainsmokers - Don't Let Me Down ft. Daya (Official Music Video).mp3,79.50721153846153, 238, 0.4540259089364861, 0.2369261085987091,2501.6806966581566, 3030.5646518637845, 5312.580375553284, 0.04772064240478264,145.38026320718268,-25.726850226563716,30.173272310765974,-1.0823218694324332,18.91208410444628,-16.040071743761683,15.62550030063211,-3.462809037291561,0.025750915917143374,2.6257761647633733,-3.0999815719536383,Electronic
"Calvin Harris, Sam Smith - Promises (Official Video).mp3",122.28260869565217, 366, 0.5050463038332307, 0.16631513833999634,4218.810356351163, 4128.500313541056, 8641.84900154065, 0.09921972795130658,102.6057529496469,-19.872427845892044,43.29291644568007,-12.08488186738008,24.11350057775777,-7.822594317278287,11.99506862232766,-11.795083491213392,7.387778974882555,-7.07796612705097,2.795200383724996,Electronic
"Calvin Harris - Feels (Official Video) ft. Pharrell Williams, Katy Perry, Big Sean.mp3",100.44642857142857, 300, 0.4690096774457749, 0.24439699947834015,3194.361231173197, 3540.3767792111153, 6935.832043286324, 0.06780165342053804,133.3865504110825,-23.456146332489503,37.538737888382606,-21.270160715971773,29.78428250179506,-10.41785700685998,7.297367245220441,-2.981941395102353,3.4250790536652143,-1.3956976510985275,3.637438290052226,Electronic
Jonas Blue - Mama - ft. William Singe (Live) - Stripped (Vevo UK LIFT).mp3,127.8409090909091, 381, 0.4745887700899015, 0.23195697367191315,3153.4926150100505, 3701.809591006318, 6914.434700165916, 0.051480109049093385,106.65707315553463,13.821204109089734,54.944291705406,-3.225606371552584,26.644054367512588,-13.101288565217798,5.523051848081028,-0.9446116209480722,1.8641069606345966,-1.941432513558814,3.31867340331753,Electronic
Axwell Λ Ingrosso - More Than You Know.mp3,123.046875, 367, 0.41748659251159576, 0.23561711609363556,3396.7866719410963, 3624.521774665334, 7377.29289051918, 0.07679041497355521,122.21654155992375,-27.540947240519838,26.241821243534325,-13.285667230549356,33.51170438384209,-18.427133477466466,7.190877343332967,-13.460166676350317,4.149398490210448,-5.201142521030747,2.411547734666874,Electronic
Matt Simons - Catch & Release (Deepend remix) - Official Video.mp3,104.16666666666667, 289, 0.4526759082383118, 0.1714542806148529,1947.9321422988148, 2722.037305432082, 3872.030268576677, 0.03128810538079225,146.17817078288076,9.941996483659885,27.17884544408388,5.187540469075268,15.474212625454056,-5.349817391579605,-2.6345268251905125,-12.146572392846602,-1.2536093480913255,-5.6143256613907315,-9.34283145638182,Electronic
Clean Bandit - I Miss You (feat. Julia Michaels) [Official Video].mp3,104.16666666666667, 297, 0.4505611364713721, 0.22902217507362366,2632.675026091142, 3287.9293005251625, 5968.215772398673, 0.04488050013702892,145.24048227476268,-7.6572070838341455,40.67192878065432,-6.300018149373879,25.66169610050388,-11.547321580921864,9.44732001950206,1.3906961266099918,-5.130277537358454,6.203189153514246,3.351705934389676,Electronic
Major Lazer & DJ Snake - Lean On (feat. MØ) (Official Music Video).mp3,97.50884433962264, 286, 0.5026834403171903, 0.2451804131269455,3260.6953590599055, 3514.520927847176, 7039.9477675602575, 0.06118715608374424,113.15953164384061,-17.807172152247553,41.09959336099565,-20.25969847089179,26.99505357724718,0.8149436399303224,20.493891247595386,-0.034058747016091254,12.576207075081099,7.659727290929796,5.848468988559764,Electronic
"Silk City, Dua Lipa - Electricity (Official Video) ft. Diplo, Mark Ronson.mp3",117.1875, 350, 0.4829564167892291, 0.19846242666244507,2666.0225999645536, 3132.2011504320426, 5763.815385014222, 0.05122566810855653,146.88017187649834,-25.024448716945038,38.121566273218306,-10.26480308986512,23.679038862502335,-5.445161364829187,11.172153624242027,0.7466635200285069,-1.2697809540805838,4.043551511494625,-0.6829390367586737,Electronic
Mura Masa & Charli XCX - 1 Night (Official Video).mp3,112.5, 337, 0.4096418838356772, 0.24981217086315155,2458.21841693945, 2983.894795981149, 5148.047708283953, 0.04436328541641977,131.15961030181413,-13.20716371540346,38.39026844743594,-17.435863732933818,21.92483803894768,2.1578753645546636,12.4969525414463,1.081234812431154,-5.9267222672385715,6.078151294481553,4.185840634431348,Electronic
Marshmello x Lil Peep - Spotlight (Official Music Video).mp3,100.44642857142857, 303, 0.5348531208020577, 0.2055317908525467,3771.069084283531, 3754.759837916107, 7801.47973395698, 0.08370036132172437,119.78471354716912,-31.342591961252968,51.738595470392916,-10.73882220896532,28.194899049512355,-18.328474357688407,19.607738340375537,-7.767479511155792,6.438860902340553,-2.346094746517678,3.004403088497855,Electronic
David Guetta - Bang My Head (Official Video) feat Sia & Fetty Wap.mp3,107.666015625, 326, 0.4516431927404248, 0.18571963906288147,3076.6215516688294, 3542.3670863703956, 6856.169652791215, 0.060197544786829205,131.6806158832998,-7.814954324821953,45.736829517132236,-10.952986052998291,31.06779075483503,-10.98932261545425,23.326136488217998,-7.19896188490976,5.980781659778641,2.917700986817639,2.1914948942155066,Electronic
Kygo - Firestone ft. Conrad Sewell (Official Video).mp3,114.84375, 311, 0.3942350445691988, 0.13157565891742706,2532.493705897883, 3271.106398098451, 5472.00580041844, 0.047715540394817464,126.84695611719748,10.889396506855599,29.325312024606948,-11.246617241806971,17.761624689295658,-10.078890025491328,3.348931945583707,-10.353343922037318,1.93740286276541,-10.789134507498826,3.4024486485781225,Electronic
The Chainsmokers - Closer ft. Halsey (Official Lyric Video).mp3,95.33898305084746, 267, 0.4146287296982745, 0.18236353993415833,4069.381479345687, 3999.5950663074236, 8772.484315744252, 0.08896862824795568,114.39069504691638,-11.39857132144201,45.4890759086468,-26.592079211877813,28.1195018660789,-19.007032356641822,9.940687658752278,-9.606046234415325,2.7088873832222577,-4.127904837112133,-5.516952781963336,Electronic
Martin Garrix & David Guetta - So Far Away (Official Video) feat. Jamie Scott & Romy Dya.mp3,148.02631578947367, 441, 0.4041298607210804, 0.19674257934093475,2983.4953314101413, 3603.7570398594075, 6625.51154376037, 0.05218484159272043,135.51488761990458,-4.290818589801509,44.24464871175799,-5.107531842041353,22.114440672080566,-18.468850255754642,12.323668908337057,-6.143721763287815,2.276980791455904,0.47991010518867355,2.8643536846208453,Electronic
Marshmello - FLY (Official Music Video).mp3,133.92857142857142, 402, 0.457624259697851, 0.2579692006111145,2685.0152890883614, 2925.6762140419146, 5521.428359800901, 0.04739062337972565,151.40811392254423,-40.12911161781143,30.75579162871495,-11.008533064930376,18.020525374630072,-6.850645579144069,8.419024882393371,1.4794661082784237,11.674168116036952,4.537436039930511,7.662573536633492,Electronic
Kygo - This Town (Lyric) ft. Sasha Sloan.mp3,148.02631578947367, 431, 0.41232597738871424, 0.176183819770813,2119.5938710563596, 2937.949057276883, 4200.258040264281, 0.035241864139532474,137.78185078799095,18.390226933899584,37.748250774270645,-4.377021890426353,15.063866209013236,-3.6270306264497516,6.297070123654401,-1.582042621782136,-6.236559864096212,0.8916500377268495,-2.532554655216075,Electronic
Charli XCX & Troye Sivan - 1999 [Official Video].mp3,125.0, 345, 0.5040397657073671, 0.2488684058189392,3233.4052239034063, 3534.674750217245, 6927.313103667931, 0.06242729018835921,126.39975663441739,-21.469611961783258,41.294985003550316,-19.02914248141796,21.913822361810745,-6.306816946961458,14.621367881432114,-3.342338863071217,1.4794452026800826,2.547485069215615,5.5402470870246505,Electronic
OMI - Cheerleader (Felix Jaehn Remix) [Official Video].mp3,117.1875, 354, 0.49360916281576434, 0.2754722833633423,2306.7889494188416, 3028.624203615711, 4977.71335772695, 0.03527765484267599,150.87688627867269,-11.291749694438508,36.17839775763972,-6.9795903233099175,21.308348428336668,-3.6647579194143276,6.533722424302308,2.4174704808548504,4.825202673965744,-0.29368000663341076,2.483463873154738,Electronic
Klingande - Losing U feat. Daylight (Official Video).mp3,122.28260869565217, 362, 0.4903643600316297, 0.20749838650226593,2734.386379061683, 3439.3546774028896, 6236.6262554811565, 0.043803769961780044,133.3784608050867,-3.4305089773499504,40.5877055503978,-11.069421751946845,23.89263522302569,-7.283613845265765,9.812771430125498,-1.5622647580101854,6.03454080275217,-1.5644514020108085,0.4640067842846317,Electronic
Snakehips - Cruzin' (Stay Home Tapes - Act 1) ft. St Rulez.mp3,95.33898305084746, 275, 0.4188178385112992, 0.19311590492725372,2935.4863793763325, 3322.8446431920893, 6237.077617622659, 0.05934879784901635,130.81854034908233,-10.846885116132103,33.58275725833109,-14.81195836979266,20.715736155456174,-5.875379768226963,7.9215722198720435,-1.1201864804473765,-0.904145778005646,0.4805116214267125,0.9088076309662183,Electronic
Alan Walker - Faded.mp3,90.7258064516129, 271, 0.3810621513990981, 0.2506695091724396,3374.678574643525, 3815.7698750747204, 7446.528168701114, 0.06192731981623311,137.86068248863677,-17.97161935115882,37.15628803223602,-17.477780694587175,26.639311435490207,-15.834675619548797,22.667359921279967,-5.512839253057036,11.042321841135347,-1.608043971285935,7.812040136029861,Electronic
Liam Payne & J Balvin - Familiar (Official Video).mp3,93.75, 267, 0.5095618185606229, 0.22141732275485992,3319.6225861414564, 3515.9929048229023, 7126.676289553212, 0.0654199079869341,116.6089465663545,-29.152405175945226,47.505927923822036,-8.954531006220227,26.845939471910842,-4.915835238080282,7.8288352179682565,-2.0999139299262835,2.870048078942573,-0.5861219713834717,0.64575839998479,Electronic
Robin Schulz - Sugar (feat. Francesco Yates) (OFFICIAL MUSIC VIDEO).mp3,122.28260869565217, 363, 0.47334707580263236, 0.2800162434577942,2881.8178189697373, 3293.2328711245505, 5980.453936063048, 0.05023157192536738,146.31991232663498,-20.353759888574896,37.350673525616564,-17.222959827190735,15.450606705100794,-14.279072161042752,6.423936809266322,-3.6255396472502928,4.650027634405813,-3.1232477007900945,4.049497441969677,Electronic
Calvin Harris & Disciples - How Deep Is Your Love.mp3,122.28260869565217, 345, 0.49077121057227885, 0.17050139605998993,3223.1573363402217, 3693.679475171936, 6957.225219986964, 0.05914001392510074,121.67652298702923,-14.213977307013542,33.96703273341799,-3.791139619790085,21.729904487986992,-5.522276532870413,15.289928484828822,-3.64466969243094,0.2779902105578333,2.5905962672526828,0.46118098204598273,Electronic
"DJ Snake - Taki Taki ft. Selena Gomez, Ozuna, Cardi B.mp3",127.8409090909091, 360, 0.4008666813589751, 0.22628062963485718,3085.46620836726, 3340.0062646393685, 6263.141350882911, 0.060998034607208464,111.97054747706594,-30.132530151656933,23.78340552168456,-15.626417185283906,14.243074111981311,-16.689674353023573,11.11203566768744,-3.448945060364849,3.8983953846496564,5.409141360645263,3.1066573405210103,Electronic
Steve Aoki & Loopers - Pika Pika ft. Vinnie Jones [Official Music Video].mp3,129.19921875, 378, 0.6120907873816263, 0.32205691933631897,4317.718319226732, 4304.598419981336, 9167.927896127612, 0.08493574238906089,97.32045561002352,-18.21026795694256,42.25245073978163,-12.413523252813892,29.05450560548249,-11.14426852623815,18.58156571295068,-5.760205120664121,16.65304894332169,-3.4937044718201693,10.49122771198645,Electronic
"Sigala, Ella Eyre - Came Here for Love (Official Music Video).mp3",125.0, 374, 0.4283388489154426, 0.1822950690984726,3822.253823080326, 3857.390763668165, 8154.405664849491, 0.08312082663619934,125.88796442548893,-32.30923487352911,42.60825214838533,-23.67873474545482,34.5791487011772,-17.824683710547156,9.901005478459199,-5.2071296165958065,7.859517101615432,-4.078379518289245,3.0996669023126806,Electronic
Alan Walker - All Falls Down (feat. Noah Cyrus with Digital Farm Animals).mp3,98.6842105263158, 282, 0.411448529689541, 0.2267722636461258,3751.003396939921, 3788.177494959813, 7717.274624466699, 0.08347297590698328,123.4391058945786,-34.86981424068109,39.14997868555941,-19.82934237353059,21.018553674757072,-16.443929407215204,17.896117766905814,-9.68024523510734,7.090441694415245,-1.9628743826857162,3.1087800981958154,Electronic
The Chainsmokers - Roses ft. ROZES (Official Music Video).mp3,99.38401442307692, 280, 0.4332246975253749, 0.17037433385849,2945.780302512721, 3282.5900598616954, 6257.770493451287, 0.06402487110181243,123.94192804568739,-29.70726222087284,31.557565416712947,-7.826868270581723,21.58327583623536,-10.491789811117645,18.424912718892287,-5.0196964120904,6.7392379785753445,-0.4721845096338275,4.794630771713891,Electronic
ROBIN SCHULZ & RICHARD JUDGE – SHOW ME LOVE (OFFICIAL VIDEO).mp3,125.0, 336, 0.45335280002016526, 0.25549787282943726,2429.9431393138, 3074.4306928186647, 5240.260299389666, 0.045308599768161886,153.10946517460516,-7.305043828769475,38.3336661696261,-5.445302084805056,23.489052528416718,-14.095838921254117,-1.8012217379234656,-6.225351232647173,6.466775632857427,3.190842077398212,-2.6126413322612927,Electronic
Axwell Λ Ingrosso - I Love You ft. Kid Ink (Official Video).mp3,114.79591836734694, 333, 0.4311764071414449, 0.1055263951420784,3363.404135976409, 3684.6451875514017, 7396.949162271865, 0.06622087325380718,136.9225844281025,-26.605432062020427,40.160678442943485,-25.32272616908223,25.336833994607275,-25.340891876938883,12.64565037083183,-8.209446572860355,-2.2182456046468033,-5.2431750793733976,2.167624206290783,Electronic
"LSD - Audio (Official Video) ft. Sia, Diplo, Labrinth.mp3",120.18531976744185, 363, 0.41521199140622467, 0.200652077794075,2689.897728074388, 3175.8779190514942, 5964.075047165247, 0.05565936991058759,143.00110663085232,-24.243783102474485,34.42944344769781,-15.183204893268945,20.51093347741682,-13.580604169692588,15.824471092901598,-3.7544024153624926,-3.3507530513458956,0.34837514456945823,-0.635905032866148,Electronic
Jonas Blue - Rise ft. Jack & Jack.mp3,106.13207547169812, 281, 0.419662593188281, 0.2093939185142517,3418.720174692846, 3580.3977300014612, 7287.177889458402, 0.06906214006762562,122.00965511441318,-27.733127352050232,40.673954773598545,-13.574164281928933,23.407978761735713,-16.966420829433513,8.2029974055321,-8.122681906755007,-0.8359372149446119,-6.994097806452958,2.263012353118236,Electronic
"DJ Snake, Lauv - A Different Way.mp3",140.625, 397, 0.44574451056136444, 0.23319856822490692,3418.1449396799835, 3760.865821494464, 7472.034990519081, 0.0667702330602631,120.21088435319098,2.475235771129111,45.16577042523823,-9.024016554185165,28.673773025264055,-10.226362596464577,8.74983676519958,-16.08130625747939,4.076952069751117,-3.8879973235895013,-0.27231275510226305,Electronic
"Cashmere Cat, Major Lazer, Tory Lanez - Miss You (Official Music Video).mp3",133.92857142857142, 382, 0.46221854315727423, 0.18616443872451782,3019.6106044634444, 3601.3174307245827, 6757.700932537331, 0.05289212028176108,127.38850004296091,-0.023571080289491588,36.80012863796591,-8.583844563430977,28.05034985937855,-10.433936355613213,14.651808726097373,-3.134971970285227,-1.1898635036059948,-2.0201555556809985,7.955415226234527,Electronic
Calvin Harris - Nuh Ready Nuh Ready (Official Video) ft. PARTYNEXTDOOR.mp3,117.1875, 333, 0.5005805666674753, 0.2108250856399536,3008.7645108215343, 3364.236526226723, 6342.493592972269, 0.05410802045063996,133.81176705002943,-31.30986345258886,40.39310280457749,-22.42868653207392,15.727085452845312,-4.933447698210851,10.650664616130724,-0.9952542536219938,5.7156376018269075,-2.014892408797692,1.178204201176547,Electronic
"Axwell _ Ingrosso, RØMANS - Dancing Alone (Official Video).mp3",122.28260869565217, 364, 0.45186646910654327, 0.23490750789642334,2922.64090596084, 3224.9481635878274, 6101.017624881489, 0.060380536477468,144.19125916064334,-21.629590291637314,31.69238868262485,-17.59065892660823,23.639483974789332,-12.610626899044828,2.136477604398241,-1.5763014244713742,3.1899741503384966,-4.5902525910219545,2.83029881267948,Electronic
The Chainsmokers - Sick Boy (Official Music Video).mp3,89.28571428571429, 235, 0.47555839431920993, 0.15445631742477417,3111.6585988620805, 3525.6131086565083, 6611.522094986964, 0.06323198787294086,123.85504556408948,-10.218112151796234,36.08211241159461,-10.936331533085006,23.148553681108375,-8.997292817349646,5.862903417684838,-3.8020562927451818,0.6342297695082171,-2.3001926200148217,-0.5502410712752532,Electronic
The Chainsmokers - Everybody Hates Me (Official Music Video).mp3,156.25, 463, 0.4818595471945293, 0.20772747695446014,3589.042909576757, 3760.0965765432734, 7615.313999911116, 0.07437762368711484,124.62237778555675,-27.793208171836735,46.32052580636395,-10.698948823092474,27.764613338282093,-15.637792359503573,6.944673500945416,-6.269651958287008,4.283655875503984,-2.995869547623345,5.4177736153689535,Electronic
David Guetta feat Anne-Marie - Don't Leave Me Alone (Official Video).mp3,127.8409090909091, 363, 0.40970384392933223, 0.2517662048339844,3286.99125776444, 3867.393887696292, 7283.637821462432, 0.06010265942573773,127.91565158320344,-9.509964379406112,35.526004392571856,-9.866247843271523,25.25733090609736,-18.266158077967233,17.43193086791241,-5.428947441790191,1.329058231006449,-1.3639844042599711,6.2980838521366085,Electronic
The Chainsmokers & NGHTMRE - Save Yourself (Official Video).mp3,147.65625, 289, 0.5124246686465859, 0.2640419900417328,4672.831423819638, 4146.412118744506, 9580.129675379194, 0.10527671405934662,84.68315028132702,-23.67027861786769,40.63658041236033,-20.323633434331747,32.25411519893321,-19.792402808553067,21.678148828167593,-8.882736391610097,11.87215481185782,-4.7584264722321645,9.594600531073405,Electronic
Ed Sheeran - Shape of You [Official Video].mp3,130.8139534883721, 383, 0.407282952823583, 0.2614252269268036,2430.881949314531, 3065.20770007183, 5047.223127518369, 0.04385544514028798,149.4100977370825,-14.428498592651383,39.90506729031517,-3.9407060632054245,22.173002670775773,-8.41856293583496,-1.5461099694298763,-7.989026238953378,-3.4199035568895466,-10.291093849904966,-1.9087154318329165,Electronic
Galantis & ROZES - Girls on Boys (Official Music Video).mp3,95.33898305084746, 276, 0.39092675264508203, 0.17218029499053955,3252.066924813197, 3388.475741397029, 6552.854738237734, 0.07148566543278917,128.11156509007552,-33.33106501394587,35.39509088980427,-12.927773395407966,20.670051800791438,-9.495608303914526,18.10377766056505,-0.27740530197346375,-1.8045019665780093,-2.9910325611612523,3.2769653657501174,Electronic
Afrojack & David Guetta - Another Life (Official Music Video) ft. Ester Dean.mp3,144.23076923076923, 429, 0.3372034717237962, 0.2677770256996155,2835.631429569928, 3351.3778865827285, 6201.48250474046, 0.052885928519050725,152.72020327541424,-29.443860739419065,32.41298540691574,-22.65995302483785,21.811784839188434,-18.737179854708405,9.929153839358115,-6.081725986713938,3.099985265572402,-6.075191733607534,4.062409047529908,Electronic
R3HAB x Sofia Carson - Rumors (Official Video).mp3,140.625, 329, 0.4122525253664496, 0.21604931354522705,2844.1038886259066, 3400.97776825009, 5934.693520140105, 0.05190000410464098,125.41434208581994,-19.52863814660614,16.29929645267952,-20.567315889018914,7.621047912467193,-10.391173587296267,7.050685523049301,-8.662080616771611,-1.4497261258819207,2.593672000644213,3.4363609638445096,Electronic
Avicii - Lonely Together ft. Rita Ora.mp3,102.27272727272727, 291, 0.40118667718387185, 0.2600077986717224,2926.015170338181, 3557.3191325160624, 6462.919789938374, 0.05273232072358675,139.4765083861563,-21.87484795351617,29.575298117335684,-7.924909588304069,26.224244658571713,-16.37776792250959,20.92427783172191,-8.42374178023721,3.021473810585175,2.601786619642509,4.475389256994837,Electronic
Era Istrefi - Bonbon (Official Video).mp3,127.8409090909091, 357, 0.4509773895684702, 0.208065003156662,2767.9293574821745, 3001.027307822592, 5549.46829526479, 0.058158787152239384,127.86301294647302,-21.54291573995303,35.05099929317932,-8.244093694894739,15.484036484696606,-4.5230576835663,5.273852269674622,-8.32185648396609,-1.2326457554233372,3.1160709389726353,-3.1472184525263187,Electronic
Vanze & Reunify -  Angel (feat.  Parker Polhill & Bibiane Z).mp3,117.45383522727273, 349, 0.3843263249201978, 0.2260333150625229,3196.8672676768315, 3542.4614358010326, 6974.58838117381, 0.07061166044851329,140.4194777676967,-33.69079767376372,39.959814162284914,-26.652443716381303,34.353703490672906,-21.4011376077278,18.70867117763954,-9.561280857659046,9.464744811451972,-2.9595356099051884,4.963886865836096,Electronic
"Jax Jones - Instruction ft. Demi Lovato, Stefflon Don (Official Music Video).mp3",160.71428571428572, 469, 0.4742467362715935, 0.2577902376651764,3967.5700671601962, 3778.8707901318476, 8242.722365144606, 0.09156228553829653,117.68420692094982,-38.33899707339765,47.22265594136436,-26.68897654361893,25.495342397771267,-18.194922037365505,15.873011225075494,-2.0255123185526367,6.919461584589574,4.072488701941555,3.1402650963627075,Electronic
Philip George & Anton Powers - Alone No More (Official Music Video) HD.mp3,83.35433467741936, 247, 0.4675208160088423, 0.2797892987728119,4441.139735060672, 4208.213685784867, 9413.050025018745, 0.09906544404871323,92.11592242084045,-17.26699180636462,42.723913616979296,-22.358974164178335,29.967578965358793,-12.194255440755853,18.955983219180833,-8.973970642544948,9.08896305076225,-5.012833185361604,3.691149951313298,Electronic
Avicii - SOS (Fan Memories Video) ft. Aloe Blacc.mp3,133.92857142857142, 329, 0.4071216798400673, 0.19287580251693726,2457.8763772904267, 3050.3623134595123, 5211.085501921391, 0.04581999253143329,144.73816153734418,-9.993373044575232,37.750975492784406,-8.735167989152227,20.316400723546312,-6.195806172757078,-0.7607621424003733,-3.8629698547066713,-0.655893835287322,-2.347217130519593,-2.536300112932984,Electronic
Martin Garrix - Now That I've Found You (feat. John & Michel) [Official Video].mp3,127.8409090909091, 366, 0.42298556924864894, 0.24395836889743805,3493.596386145287, 3954.1054805795234, 7853.899861489689, 0.0658107413079225,137.43991627534166,-20.910623204478,35.856275736047294,-14.295379555743665,22.77502633219996,-19.936131798777033,16.5538561869023,-8.796103751024244,6.970190804492592,-8.46720760970516,9.23879587015772,Electronic
"Cashmere Cat - 9 (After Coachella) ft. MØ, SOPHIE (Official Video).mp3",133.92857142857142, 400, 0.4643626129934846, 0.13471440970897675,2224.994271033133, 2673.9554811611374, 4435.139954669353, 0.04384213574380778,143.0585874476546,-25.09333615376035,22.69026471860159,-4.445024453313557,14.175639718692782,-3.6755721658112113,9.511325231901786,-1.8587702411213842,1.9116649313917309,2.9879747114017494,-0.029445695803306648,Electronic
"Kygo, Miguel - Remind Me to Forget.mp3",99.38401442307692, 280, 0.4076632486639059, 0.1377682089805603,3198.5366620913646, 3762.688156038312, 7120.4749990173905, 0.05741619350248323,121.63664166203701,-3.2281227169298847,38.49251940589097,-5.2559376661920485,25.39896023183319,-7.941731864642227,8.621788919407313,-4.577034018075461,5.822856357664181,-5.428508746035489,9.693535444318831,Electronic
Lil Dicky - Earth (Official Music Video).mp3,127.8409090909091, 369, 0.3927531609584396, 0.1445859968662262,2110.5694342811953, 2539.2933580293748, 4139.453310174212, 0.04489681861445248,152.2797245615827,-11.236116157403664,23.205040579404415,-5.20198744056612,7.811567908267741,-3.8226351218915617,-2.7339113148360976,-4.376139466658871,-3.0659282487051325,-1.1879411241797657,-2.337197468213095,Electronic
Axwell Λ Ingrosso - Dreamer [Lyric Video].mp3,125.0, 361, 0.4053033521350543, 0.21729658544063568,2658.8125011552097, 3069.8446498450708, 5608.010728993838, 0.05372005154324188,150.664907995786,-31.637295665431225,36.18587952096352,-10.456868810942215,24.567311850597488,-5.524360254180597,2.0131744176037003,-2.4612813110999427,-0.6432809635692551,-1.4740141907002586,-0.2734329428742387,Electronic
"Daddy Yankee, RedOne, French Montana & Dinah Jane _ 'Boom Boom' (Video Oficial).mp3",147.65625, 420, 0.5382063908685057, 0.1987457424402237,3626.042218069581, 3901.7974772915363, 7942.595027770051, 0.06766921792360037,107.79930861221739,-23.606444066094575,40.17423815539192,-5.95535787511371,27.568923815495786,-11.481991002085563,17.57106288240514,-1.1750732826933465,9.681470996516127,-1.6460837265367043,8.39822506471093,Electronic
Jax Jones - Breathe ft. Ina Wroldsen (Official Music Video).mp3,125.0, 370, 0.49148984859645684, 0.25054696202278137,3368.3905877269963, 3675.8279819733634, 7295.1121415027255, 0.06390350479230861,119.04943544090041,-28.62059976253669,42.774003630986485,-17.45628229020439,23.466808314819964,-17.976846025801187,19.729419008979352,-1.1190244085783743,1.4561428452804348,2.819892245546269,4.493155844418494,Electronic
Lost Frequencies feat. Janieck Devy - Reality (Official Music Video).mp3,122.28260869565217, 340, 0.5140075044699954, 0.17984028160572052,2542.733096670647, 2794.206068105302, 5314.582186123348, 0.053019938099826934,142.56481456996954,-26.188507929619288,45.89611479024619,-4.988111285091026,20.88173479616907,0.9055903599523181,2.296789883820634,8.870003422934792,-0.9533201807428199,5.161887949549239,-2.3689661905153736,Electronic
Marshmello - You & Me (Official Music Video).mp3,156.60511363636363, 468, 0.34204891031943957, 0.26409420371055603,3371.710863345785, 3242.601832314454, 6885.1389220624515, 0.08413148295399574,127.84815007991375,-67.23298551025897,30.9312339910719,-31.15324128516393,22.646782976999596,-22.695545772141163,12.286150240653335,-13.733988871267924,4.740190011125559,-5.4013170558179935,2.456896872291733,Electronic
"Zedd, Elley Duhé - Happy Now (Official Music Video).mp3",160.71428571428572, 463, 0.3769106245148051, 0.23278184235095978,2787.620563779291, 3265.0971114532, 5872.990859800901, 0.053324965002073954,139.0211731339479,-16.22444757789205,39.81541747343293,-2.497602770580562,20.673483978097277,-13.874432248164133,13.85252197288691,-6.950543232203146,-0.7403468229156586,2.364630457868362,-3.024501520289892,Electronic
Marshmello - Stars (Official Music Video).mp3,140.625, 421, 0.47902713173876155, 0.24477235972881317,4257.355842189355, 3927.630921490241, 8640.754621948328, 0.0936962416116082,110.26364154881975,-47.03135811550695,38.63780439429297,-31.23835541452058,21.09842870593849,-15.722689251393478,19.46239818677903,-3.3899231444745697,17.950429717792524,-4.003393277322648,7.854301209729614,Electronic
Major Lazer - Cold Water (feat. Justin Bieber & MØ) (Official Lyric Video).mp3,125.0, 369, 0.44296193409869017, 0.23346059024333954,2993.62192673163, 3350.213505683065, 6602.611511910405, 0.05864522264421368,143.87308400830833,-25.287909765395447,36.460713698349,-26.810170818607766,27.49141842108766,-10.160592135072543,7.454336963542628,1.5657251649251622,2.5820391998164474,1.8648450916494912,-0.3087474234846796,Electronic
Gorillaz - Tranz (Official Video).mp3,133.92857142857142, 381, 0.5473897745413191, 0.17849323153495789,2253.9075973258837, 2738.238620677699, 4482.850609756098, 0.04795766896601912,168.31996872740393,-31.558241401020712,22.85497021629882,0.751061283600931,23.58854272522525,-0.7667218289649573,8.762072500755691,-2.3718842846052355,6.417554686563465,-0.0009816955730485692,6.553636313408916,Electronic
Marshmello & Anne-Marie - FRIENDS (Music Video) _OFFICIAL FRIENDZONE ANTHEM.mp3,95.33898305084746, 286, 0.442931448009465, 0.20180626213550568,4099.561093047166, 4025.093659507074, 8649.6249296338, 0.0909661371918701,112.75305964411744,-32.010525185636276,40.458437160159534,-22.08701683364276,28.933592960284418,-20.814420790174264,17.757177702123506,-5.3399421505230595,-0.05354384867578066,-3.497496385572317,4.399932882021527,Electronic
Alan Walker - Darkside (Live Performance at YouTube Space Berlin with Au_Ra & Tomine Harket).mp3,85.22727272727273, 250, 0.3758383741699207, 0.22201478481292725,2814.885586888035, 3086.9531575513734, 5853.13231438137, 0.05867794639947262,149.12331297546305,-23.63085068357815,37.539590024461496,-18.727734544813575,21.776211762848376,-10.436121910471272,8.866185421176086,-1.2295428251959155,4.201420849572273,1.2185144584631036,5.345224316646363,Electronic
"Zedd, Alessia Cara - Stay (Official Music Video).mp3",101.33272058823529, 302, 0.39201241387477287, 0.22699373960494995,3725.253765906877, 3966.1007061887767, 8279.709655950683, 0.08888450913877063,114.78595845125554,-14.089400592913655,36.21578351010734,-11.86540270299165,29.959107397790316,-24.516420235195085,19.26388767759026,-11.991670724461205,7.653333312495228,-0.49060330834875376,-1.938684159491547,Electronic
The Chainsmokers - Side Effects ft. Emily Warren (Official Music Video).mp3,110.29411764705883, 325, 0.5536318883900795, 0.23052121698856354,3411.2019390589053, 3992.614501736639, 7770.77284309078, 0.058972836331921075,124.29043143252517,-7.868144788720257,43.64239012761721,-7.959414336104917,31.277518801554034,-14.692634338225592,20.795109543869962,1.301341260810636,9.45202249115147,4.9970805183227025,7.772378697199599,Electronic
