name,tempo,beats,chroma_stft,rmse,spec_cent,spec_bw,rolloff,zcr,mfcc_1,mfcc_2,mfcc_3,mfcc_4,mfcc_5,mfcc_6,mfcc_7,mfcc_8,mfcc_9,mfcc_10,mfcc_11,label
Chris Janson - 'Good Vibes' (Official Music Video)-hNRJjDm2sQE.mp3,92.21311475409836, 248, 0.44547142380597954, 0.21493661403656006,3252.292194519561, 3306.412721860261, 6577.9568867227645, 0.0787318073833344,136.26409132817756,-52.422452787902586,44.000047695905664,-11.723404778225778,23.52765145519322,-15.167624364555634,9.966931444363437,-3.627615945566124,7.014374660853709,-1.606736323191451,1.3599072058085901,Country
Josh Turner - Your Man-nADTbWQof7Y.mp3,100.44642857142857, 298, 0.4783688682807329, 0.11308733373880386,2518.1578014267584, 3283.0249608575987, 5439.760977127281, 0.045971754914523585,159.99401342206417,-14.042134547162602,36.63043156304432,-4.6348889443778996,33.21099076495302,-12.296106660137257,10.751117200617138,0.01895236115874952,5.506218267282674,-6.5749542325016455,6.222395014127214,Country
Alan Jackson - Chattahoochee (Official Music Video)-JW5UEW2kYvc.mp3,87.890625, 248, 0.5012654531503427, 0.1344214677810669,2801.9314690048127, 3144.5005883897998, 6021.014032501777, 0.05911634634614245,152.08667379606445,-38.95604155104274,46.591423360209525,-12.680671360479339,31.407302134467376,-12.443628920387928,4.192684493934184,5.038840918096212,-4.199164292708832,4.315673034879902,-7.629906292749536,Country
Shania Twain - Any Man Of Mine (Official Music Video)-8N2k-gv6xNE.mp3,156.25, 466, 0.37641350318457695, 0.07325447350740433,3559.7504250909974, 3765.542683928974, 7439.9091164968, 0.0787239807085506,126.90134844283696,-41.59455932522111,33.88889844793705,-13.75043219068789,25.885913010457102,-18.056246869022065,10.087829343015633,-6.972168089996449,6.832440740179602,-8.7694163702711,8.761325100112636,Country
Miranda Lambert - Mama's Broken Heart-7yg05svXp98.mp3,112.5, 335, 0.48730996460525794, 0.1872267723083496,2534.4630564854633, 3157.543288557239, 5297.783279509363, 0.04772859524991112,146.82458986608572,-22.534154808672664,46.42538636870473,-0.6047755840284171,28.278889638534878,-7.559764044800016,17.33945126662261,2.070383556875487,6.951784200342946,2.268820940523343,0.3492571694179384,Country
Thomas Rhett - It Goes Like This-I4keD5Qvya4.mp3,170.45454545454547, 471, 0.4392028476313311, 0.12485382705926895,2442.041951325573, 3208.523212038938, 5287.31028901991, 0.04215519867341195,154.74111285739033,-15.725365597254362,39.83112624079139,-4.932896440976024,25.08944934106804,-7.339792113905715,13.741307959477629,-3.0014918349424873,7.694665754757161,1.7922024612191687,3.902066390395209,Country
Ryan Robinette - New Boots-9yIUaw4cqhE.mp3,110.29411764705883, 286, 0.4314732315070208, 0.25992411375045776,3188.8729290047327, 3573.0207570053303, 7020.865134327399, 0.06374111748023652,134.5159639297208,-32.94740502583943,50.989173596421715,-14.288101640482063,32.39563721877187,-18.764540668571016,9.20129930942093,-6.742201435330083,9.494085045661986,-2.930790094068363,0.46352443218835554,Country
Brad Paisley - Whiskey Lullaby ft. Alison Krauss-xuzZBDh8U5w.mp3,144.23076923076923, 423, 0.4627312305926558, 0.037292879074811935,2171.02824422625, 3144.844230871689, 4468.139388036265, 0.0390950790879059,151.8742669186872,8.214962066623103,36.60125366655848,1.6424790338037416,19.16932718101165,-4.810938110885286,5.053241636012742,-1.2000062362708876,-3.365086442984223,0.6616984819680105,-2.837967390181895,Country
Alan Jackson - Remember When (Official Music Video)-TTA2buWlNyM.mp3,125.0, 374, 0.4057405923154046, 0.10469666123390198,1643.282872136822, 2337.1796025280814, 3111.976697677175, 0.03298719450884392,186.08137536585122,-14.837534635445579,27.217708106512703,0.5660370305756733,20.266434015586583,-4.5361032667496,6.082347924606109,1.8356636010931737,-5.19740505509567,1.0218075491404466,-2.882094065390633,Country
Dan + Shay - Tequila (Icon Video)-9j8afmT-bLM.mp3,86.53846153846153, 256, 0.45102583020040127, 0.2573384642601013,2360.1322041119233, 3026.433524859292, 5045.178804219009, 0.042590878873844516,161.92728208365952,-17.568321886625014,41.01301360780211,-16.25112699555033,24.261891539004328,-3.575462076740288,2.676924197832238,-1.0145962957989825,5.712959834208023,-5.15654583598122,1.8842670694738348,Country
Luke Combs - When It Rains It Pours-uXyxFMbqKYA.mp3,127.8409090909091, 381, 0.4532495071687329, 0.1788613498210907,2790.3554521178507, 3387.9066901162705, 5750.721716490874, 0.057316424073017895,140.4568662844423,-20.095301643714198,29.019091644547256,-0.700216337821304,20.9993679975056,-4.5917540717893015,10.62884806160567,-2.242151761626073,7.588534842750202,-2.0943091257381834,2.012000162732694,Country
David Nail - Whatever She's Got-o1C3mVUkAt8.mp3,160.71428571428572, 478, 0.44107113514291524, 0.10511643439531326,2926.629137353258, 3395.767905702904, 6045.152879829344, 0.060766740443158926,146.45794740221467,-29.96283747845734,42.96601705319914,-7.901665089394606,22.556473233813715,-13.911929568342279,11.466446285838794,-3.4810787800427367,3.0598414715953726,-1.6766701581559011,3.1471558146579257,Country
Thomas Rhett - Die A Happy Man-w2CELiObPeQ.mp3,165.44117647058823, 470, 0.4562436018117895, 0.08360052853822708,2466.4176963878, 3320.8282252337226, 5468.992578217587, 0.042206642384155016,145.54704385979954,-0.7597505186716633,41.57031064164901,4.229994018283078,26.34336481519609,-9.939868341549012,8.61440378123735,-4.684760791151526,0.8242721293307351,-1.498816975483694,-2.2097390806553947,Country
Shania Twain - That Don't Impress Me Much (Official Music Video)-mqFLXayD6e8.mp3,125.0, 367, 0.41742467844404796, 0.07006266713142395,4360.189584499761, 4402.291675139317, 9419.175159990518, 0.08933136716898257,107.03028136529598,-25.79124848148255,45.95175117722967,-10.592654278228501,28.349146811214247,-22.68406887265381,16.082837283604032,-11.503888693038636,10.43384150145845,-11.752334676175082,7.9601518018040816,Country
Brantley Gilbert - One Hell Of An Amen (Official Music Video)-8IMn4c4MwM0.mp3,137.1951219512195, 413, 0.43717679560419037, 0.121314138174057,3219.7872276341855, 3568.635813965675, 6974.553359800901, 0.06402369442921901,141.64559496681176,-34.20890627978321,52.09774945748687,-11.612914155171309,26.671876611453484,-13.708286539049483,12.017078746861946,-3.572815788978316,6.48398702536096,-2.234231030568569,4.144827492799523,Country
Billy Ray Cyrus - Achy Breaky Heart (Official Music Video)-byQIPdHMpjc.mp3,122.28260869565217, 312, 0.5256085255899895, 0.054560337215662,2905.8986135907676, 3365.013229813376, 6011.770135843802, 0.06287963606786265,143.3469821567881,-33.305428383187824,28.844814391909058,-6.330473560386931,20.7276089322828,-4.5021334155886565,10.846790779068009,2.667672735385778,10.24600987939176,-1.8510596538665345,2.745222679340903,Country
Miranda Lambert - Kerosene (Video)-rB7ONnfIjaI.mp3,127.8409090909091, 359, 0.48012888917827257, 0.1782047599554062,2981.955627910901, 3279.7852178945527, 6276.622496444656, 0.06752611997992712,159.75089419185952,-55.727027269846864,51.11464982378724,-23.646096282314087,31.565357961215177,-14.259154166191951,21.00830828839252,-1.709686927480417,5.480224357974428,7.52300303006686,-1.9938630700719162,Country
LANCO - Greatest Love Story (Official Video)-aHl0tlUYDBI.mp3,148.02631578947367, 420, 0.4377956223188814, 0.11265061795711517,2083.2557949814113, 2771.0942469583592, 4109.217601919886, 0.04185883313396243,153.6125721401508,-9.991029857097589,22.697032744874978,3.683661877619081,16.249541226850685,1.0925562074038964,6.563733424197981,-2.364315324892986,5.52295946368306,0.07741725461392802,-2.4643230357841945,Country
Toby Keith - As Good As I Once Was-ldQrapQ4d0Y.mp3,119.68085106382979, 352, 0.4746243730705079, 0.05337446928024292,2883.322816134789, 3225.8527071310614, 5821.210594927708, 0.06779849967224165,153.00869656109376,-39.35494550144591,36.899984111868754,-8.964714806220568,29.649416527694196,-11.932307347485711,8.111745827017163,-5.806436412259751,6.00105602646368,-5.500353369188785,6.06777833815666,Country
Luke Bryan - That's My Kind Of Night (Official Music Video)-crCqWK3SmRo.mp3,110.29411764705883, 325, 0.4564701274685583, 0.06504590809345245,3200.224809281693, 3362.5315945321945, 6419.086276368807, 0.07483329691573833,134.34854440123502,-42.282628213793124,50.23679658803848,-3.34121015896079,23.901438481134946,-13.027472732961533,9.955605821469616,-3.61684159371805,13.40622501190662,-1.9359597488260019,0.09796458502043291,Country
Chris Young - I'm Comin' Over (Official Video)-hxcmik9Rs40.mp3,127.8409090909091, 382, 0.44868736557186795, 0.2551625072956085,2579.037054954411, 3059.1255669303036, 5315.6738859919415, 0.05186561861148969,157.5575955376675,-36.52788885292672,37.57731737075267,-5.713670862579583,30.771111657457986,-15.098218539237585,4.54253527231066,-1.7511130343093,5.887860494898184,-7.71853999535627,2.028676152783209,Country
Brooks And Dunn Neon Moon-nopBvlKfYgY.mp3,102.27272727272727, 305, 0.4274431367710845, 0.143671914935112,2348.9678863645368, 3070.6851861213745, 4839.3382244015165, 0.045556733212105946,160.95419938590715,-25.346654600630387,38.873930653324194,-4.851966596220823,31.340146539952343,-10.747071981727968,13.84274586566129,2.382354014465596,-1.5341449122962691,-4.059813792305217,0.27559436289532474,Country
George Strait - Troubadour (Official Music Video)-9jJf-p6RYvo.mp3,137.1951219512195, 362, 0.4726647166326048, 0.06223546713590622,2402.0870198869957, 3143.0862150367857, 5089.349251652791, 0.046170315943315374,162.7037783478571,-19.952698736150236,44.10934516425988,-2.92959391541131,26.864901073950456,-10.104067088520049,14.160029818710571,-1.1111857142353057,5.411726533454666,-7.090049941515581,2.5260247507300386,Country
Jamey Johnson - In Color-EYGwxf1gCC4.mp3,127.8409090909091, 381, 0.4554236304211394, 0.057548459619283676,2624.65395849035, 3305.8238848031847, 5378.96041345698, 0.04967830610037924,142.48277191873203,-6.4243018751610625,35.373309317200395,-3.362661291775672,28.293398890064132,-6.819908738060066,11.436189392859351,-0.4361579126108368,1.430028452204464,-7.129616113219636,-0.9835335070327561,Country
Sugarland - Stay-zPG1n1B0Ydw.mp3,137.1951219512195, 408, 0.32334971061595474, 0.03582456335425377,2913.5941288894583, 3356.8671609912917, 5575.115456121119, 0.06461480523376392,124.9271534076625,-24.27455903686695,33.17559810585248,4.487525207383595,14.700127571482533,-9.804849872591499,12.993725866172637,-2.447475612294836,-2.286270285363883,-13.05585504871839,5.803495566332165,Country
Florida Georgia Line - Stay-T_igmjEB560.mp3,140.625, 409, 0.4397660400566608, 0.09877721220254898,3708.325001835731, 3720.052892304536, 7455.251262888125, 0.09273938280509303,134.30438253600204,-41.46642931701971,45.30995604066011,-16.886162330254656,22.142107495528926,-12.939024411026283,13.631420861796398,-9.822222309046062,8.454507530205824,-6.864100294009242,0.006018717021773276,Country
Cole Swindell - You Should Be Here (Official Music Video)-K8WlCqZPTeg.mp3,137.1951219512195, 406, 0.499446101770514, 0.21886178851127625,1841.2076954567642, 2442.2436656456694, 3769.6418915916092, 0.03702595980423382,178.35186403126903,-5.8944946369863285,29.454166047309233,1.2987115947310885,20.860783720602345,-8.807084440701226,7.224450905361138,3.2488863602958427,-0.8295021360155984,-0.6314386471076796,2.9292586179645,Country
Thomas Rhett - Get Me Some Of That-gq2ZJ418ad8.mp3,175.78125, 527, 0.44146786809220934, 0.12420651316642761,2964.711509323924, 3429.595418857579, 6375.499970372126, 0.06110274483734297,151.88256948351838,-35.16361620329514,45.7821024709293,-20.338999642979797,29.411047984801034,-13.472321042301814,12.268432927863703,-3.9168090195084537,6.3550873671022305,-0.7408591016739816,-0.32093448989000883,Country
Miranda Lambert - The House That Built Me-DQYNM6SjD_o.mp3,160.71428571428572, 471, 0.4278243070755254, 0.05206473171710968,1895.5018231312445, 2708.9892901938215, 3886.0822136465986, 0.03348022084802382,160.5490236651904,-5.8379281170252,32.165045522487574,4.693871773569021,21.599363561218073,-1.481028687950504,6.186927937256073,2.6600774298121377,3.3627331037277726,0.7464425870521952,-5.537118150533802,Country
Keith Urban - Blue Ain't Your Color-SoIKv3xxuMA.mp3,165.44117647058823, 488, 0.460604225444202, 0.13487207889556885,1820.9463333990532, 2502.77220395646, 3724.5112326676935, 0.031830492220831355,156.25544986409702,-6.628121476435817,47.08352344784589,16.549600309282003,17.334099941859456,-3.0974096562161404,6.878527786224202,6.838518295796554,-2.401286940136474,-0.34959093071473213,3.8380997927580305,Country
Midland - Drinkin' Problem (Official Music Video)-g7f6HiQ2LuU.mp3,102.27272727272727, 304, 0.4871830246226615, 0.04921891167759895,2508.3153481226004, 2967.7441492086027, 5013.247363119222, 0.052599429293078925,150.58915515515864,-26.122656739958273,33.209737136835884,0.28323188704110114,24.54432165215543,-9.662173757092786,4.226718913545745,2.78707455170898,1.6038414265311214,-1.0149857284426453,-0.07348521600130895,Country
Alan Jackson - Country Boy (Official Music Video)-JnX2BoZE9w4.mp3,140.625, 417, 0.4684519865254616, 0.09158087521791458,2375.241793255473, 2852.325106155825, 4969.995759510548, 0.0485884111960032,165.3482259998132,-37.38132685171921,53.21207269315286,-7.600634945389774,25.807591769064203,-7.517147785050551,7.205341818958815,6.280919809836181,-4.422820659450976,5.809345678796617,-4.458182299671515,Country
Little Big Town - Girl Crush (Official Music Video)-JYZMT8otKdI.mp3,170.45454545454547, 521, 0.3853443466424991, 0.05209201201796532,1840.2274865510888, 2589.6938315127068, 3551.3242733763923, 0.03354989264525065,165.87013226078184,-2.0896500378645664,26.930527021657042,4.496345409975019,22.26882808646327,-18.990993892653332,-0.7439063898689066,8.847275286629698,-4.062235710037935,8.535211707153481,1.7915489295005929,Country
Florida Georgia Line - Cruise-8PvebsWcpto.mp3,148.02631578947367, 443, 0.4430507808868007, 0.09356071799993515,3129.549208660393, 3328.839875404449, 6348.180755955203, 0.07290768764628763,152.96818811916773,-54.60659859451024,44.901484373508424,-21.0920865064899,25.642470347053123,-14.912800534522148,16.289419922630717,-8.508260327322168,8.547138158391384,-1.4579476967597016,0.7989383577964312,Country
Scotty McCreery - Five More Minutes (Official Video)-2dPDBU9MC8c.mp3,78.125, 230, 0.4002853754633255, 0.21864056587219238,1999.687303890511, 2539.7140631110824, 4088.00080365608, 0.04116558717816722,172.16902427793403,-19.801689724756237,39.132127285263685,-9.40386273082152,16.779968129705328,-10.886176642479368,0.4299811864495435,0.7069664749516977,-1.9078457711963495,3.2759010007990588,-1.8188553983400597,Country
Brett Young - Mercy-Thvm6dADOms.mp3,144.23076923076923, 379, 0.45304615910444457, 0.13971582055091858,1718.670907959731, 2400.4973042325114, 3137.2002029509363, 0.035370010480860394,179.0783601935557,4.297268806458162,16.233782632316682,-1.107991778841169,19.602857560454524,-7.384611887730997,0.655762385806146,-2.167616101304081,-0.4383625787929796,-4.341616852480344,-1.1781801574785447,Country
Luke Combs - Hurricane-BixwVsiDdZM.mp3,152.02702702702703, 451, 0.452387291448171, 0.12624944746494293,2667.277210995873, 3365.87499114797, 5671.955550782176, 0.04902773701373252,150.96271917202057,-26.89113305315579,36.0124398412951,-3.777281390092676,27.089158809701562,-9.45597815550321,10.662244158181707,-3.9905347394987483,8.96355677248274,2.3837509407548745,6.336859638307784,Country
Lady Antebellum - Need You Now-eM213aMKTHg.mp3,108.17307692307692, 307, 0.42744776548981417, 0.06709876656532288,1967.3617952192103, 2417.876799918486, 3976.443525568855, 0.041558069706980325,177.09082906437746,-25.14433280159726,39.26341419113416,-3.941263535554183,17.94946119468659,-0.5858735403483796,7.510982807972777,2.7654446081420985,0.03899670484183796,7.5275983917631395,-3.2265396023151314,Country
Dustin Lynch - Small Town Boy (Official Music Video)-pz9yRC-LWhU.mp3,73.05194805194805, 216, 0.45532123550554265, 0.2079572081565857,3299.6316471285604, 3492.452097333848, 6897.684303893103, 0.07100108766702713,138.02047560906576,-36.83296876368104,52.78384682382178,-15.911855099914778,29.157747110670673,-11.98698522330903,13.735999606081268,-3.289022819523142,5.023554390060184,-0.43433717231322844,1.2347826865061997,Country
Kane Brown - What Ifs ft. Lauren Alaina (Official Music Video)-fM8V1XOI-14.mp3,125.0, 345, 0.48658029696416466, 0.19475716352462769,3230.5136450298883, 3474.8555422577647, 6567.112226682863, 0.07168634798493423,130.94610416510568,-37.23058927994024,46.887802984804004,-6.876431653949485,25.206759913407875,-13.432923850252227,13.898674072263644,-3.765768954887516,8.96173730246544,-1.2633692288712979,4.296831035763318,Country
Ingrid Andress - More Hearts Than Mine (Official Music Video)-j_A8Zjwr9m0.mp3,81.52173913043478, 233, 0.40770562525916476, 0.21540682017803192,2076.640064242447, 2960.593979748735, 4236.075362200759, 0.03437901017902643,159.94743384831784,-1.6407924837584387,27.577897796705596,-2.4252337128543893,19.943653254718143,-12.24150765464449,11.657625860080097,-6.517307671391592,1.6674671596387547,5.263250238394539,-1.4195665306844014,Country
Brantley Gilbert - Bottoms Up (Official Music Video)-ukick72Qafc.mp3,85.22727272727273, 254, 0.495073312785907, 0.10654067248106003,2834.7824191050486, 3125.012053636469, 6058.310433455796, 0.05999398531012977,153.26702273369,-32.622046272463045,45.01158186588511,-12.42571114954881,22.616279224847396,-7.462997367019153,5.089057596429657,-0.7356262815951947,2.566398111082446,0.31204474416872424,2.0153648539370947,Country
Little Big Town - Better Man-ph9NQ8ASmX4.mp3,144.23076923076923, 431, 0.41611107738983244, 0.08685801923274994,2571.7413806352483, 3237.90428053392, 5470.435548263807, 0.04644976478245733,156.32803074504943,-28.072752014000397,43.43330602272936,-11.693999966864302,24.383946817339353,-12.040074220379514,15.243330722298143,-2.264455781704475,7.372437969424588,2.3007450728051095,2.9298942727734403,Country
Kane Brown - Used to Love You Sober (Official Music Video)-_8ecy55NhMo.mp3,148.02631578947367, 424, 0.4556381484312808, 0.1477009356021881,2582.0256424866784, 3092.49252099691, 5479.293356689974, 0.049554499779642686,160.23608530618307,-28.961862292132047,32.819574942311974,-8.609347364275866,26.82782626860904,-10.72309136706479,11.428873665825169,3.3593006798970326,3.4557212959920838,0.8520598553692267,5.546124580866009,Country
Miranda Lambert - Somethin' Bad (Official Music Video) ft. Carrie Underwood-o4Yzj-m_SBk.mp3,89.28571428571429, 248, 0.4323317408014795, 0.17000041902065277,2636.646315647131, 3052.230046256542, 5483.318735337696, 0.05332644389932399,145.97791696731935,-36.120878659415354,45.03902394182198,-8.696525946355104,23.992936121241236,-7.404158758884612,11.839817786010594,0.9129461158134218,4.378745842095323,4.083163830884564,2.2580019032563556,Country
Billy Currington - People Are Crazy (Official Video)-PKpQRjj_WbU.mp3,140.625, 424, 0.47854069515938547, 0.07841899245977402,2397.1431695544384, 3155.51073238513, 5105.058589120645, 0.042587522591253854,162.03317231415235,-18.960650534625092,48.946557551059705,-3.979806445666465,30.659394819125172,-9.68603347827765,13.12542516247454,-2.4022657000832393,5.830162365900367,-3.1005059715967316,1.5149938979071527,Country
Luke Bryan - Strip It Down (Official Music Video)-G2BWyY4B36Y.mp3,137.1951219512195, 412, 0.4852202274608543, 0.08518096804618835,2298.7348010517712, 2998.1877236873747, 4845.705902613178, 0.04197317820980979,159.17113059144108,-16.42956315044478,47.37852062859833,2.661333118973373,24.61195611775364,-6.832430583787792,4.5822706000043825,-1.5153451884423637,5.957581511265286,-5.105541323633494,-1.9124657083438685,Country
Thomas Rhett - Crash and Burn-heyIXXCfyaM.mp3,130.8139534883721, 389, 0.4689460654193757, 0.0855187326669693,3073.5244072908085, 3443.637207929662, 6524.11338587343, 0.06845239610800842,146.1259739040105,-31.407678086122793,39.61053877869367,-14.241399542955302,23.179981986211107,-13.738089477990407,15.187790978541283,-5.004950820907591,4.099146206811612,-0.21591493233484144,1.9883908235653376,Country
Jason Aldean - Burnin' It Down (Official Video)-xdImDqbgc2g.mp3,90.7258064516129, 276, 0.4631776797227323, 0.20584815740585327,2703.5073653658123, 3750.409034628854, 6046.501411027494, 0.0432438783720224,148.69133247590503,-9.726763721184343,31.114751429119504,1.0128890749292685,32.2051425229062,-13.591932439733798,12.739877914858708,-8.711548726002246,10.867686528316774,-10.267436413579809,7.025598423507626,Country
High Valley - Single Man (Official Music Video)-prU01kff42A.mp3,125.0, 371, 0.40878283519988207, 0.20060554146766663,3141.681608757776, 3775.375469084462, 7042.211850408865, 0.06207285517339713,147.1127761232049,-22.82763957387948,34.261768516963244,-22.081079026409267,28.78570880718348,-18.168466293890404,13.055897428097063,-10.534510373680861,7.343322292074142,-3.0540808458910416,3.1184274059494883,Country
Kane Brown - Heaven (Official Music Video)-dRX0wDNK6S4.mp3,160.71428571428572, 449, 0.4510251118889696, 0.20432829856872559,2348.188475356008, 3181.6769139996773, 4854.352882159796, 0.040988963406755445,149.1172982921809,-6.124529856511322,44.036630164456966,-1.6270885414500629,27.51835292831085,-10.148521701134309,6.640343068454829,-4.932270463906028,2.9248448500924225,-1.917898696184989,3.518674320519546,Country
Dierks Bentley - Drunk On A Plane (Official Music Video)-QrM39m22jH4.mp3,102.27272727272727, 300, 0.510440293830344, 0.09668155014514923,2265.5976069892204, 2876.7037416955377, 4752.139225082958, 0.04228655662997748,154.0845384837155,-21.82561618766128,37.76338913751811,0.5820994223320887,21.450037238432014,-1.887752840118065,4.801446941138722,4.048959435360115,2.185199982173986,-1.3437674602267853,1.5235618584175337,Country
Luke Combs - Beautiful Crazy-rItv9i6c7AY.mp3,156.25, 460, 0.40952443106410047, 0.1798398345708847,2210.6508194160338, 2913.795869947934, 4296.5384458698745, 0.04281554727312455,154.3752772202097,-14.439094954595785,34.572564591082525,6.428325974832573,23.579131251902158,-6.265072107105095,2.139820693752787,1.2120768174582444,0.6545541461229659,-4.537114971040076,-1.6432971504955043,Country
Brett Young - In Case You Didn't Know (Official Music Video)-7qaHdHpSjX8.mp3,148.02631578947367, 441, 0.4180968532307136, 0.0807686299085617,2021.0592018786008, 2747.295234642886, 4075.7070877281344, 0.037231937181500356,166.2523050050361,-14.354020520082232,38.80770827099146,-3.195963713636674,20.306218013226754,-7.009956508165538,4.6252690310136435,-1.4635789773665686,2.9686913062623934,0.7447245843589433,-0.29154298315397786,Country
Rascal Flatts - What Hurts The Most (Official Video)-7qH4qyi1-Ys.mp3,137.1951219512195, 404, 0.48626690056266436, 0.032244835048913956,2927.222552303344, 3364.017480603048, 6176.0215135399385, 0.06048296096342439,123.3182107783522,-18.14997834078642,26.10611743528677,-2.4375981596031897,11.917446887264967,-4.78028282465619,2.5098934343177994,0.31151044892305485,-1.0862966485810668,2.638312761402603,0.7403206504253432,Country
Kid Rock - Picture ft. Sheryl Crow [Official Video]-rKFx0MMqb48.mp3,104.16666666666667, 298, 0.48040746129714856, 0.11833249032497406,2155.792543862083, 3066.455018594913, 4431.616552352453, 0.03484110663812515,151.849093697981,-5.7108125684927264,31.734313242238795,6.315425217708684,29.690060325298646,-2.8756063712195736,13.709565422871158,2.5235212798193816,6.773627663752372,4.032731855706045,3.9717014926313574,Country
Dan + Shay - All To Myself (Shadow Video)-t4fYLsTxuEk.mp3,95.33898305084746, 263, 0.4101688661136642, 0.24512265622615814,2799.6511683842514, 3429.443784853182, 6127.386838165774, 0.052504499635597224,141.49027339427388,-11.744546240565501,42.01383408901383,-16.036720621723656,23.229901215431926,-13.601975897036816,9.326782291287492,-3.094224513576543,5.278540746299319,-7.920675229569804,3.4521206693102275,Country
"Carrie Underwood - Jesus, Take The Wheel (Official Music Video)-lydBPm2KRaU.mp3",152.02702702702703, 454, 0.3644480009561626, 0.17673803865909576,2816.185077016058, 3254.4982892686326, 6086.215724253378, 0.062061137117800425,155.07542051651092,-27.9114804977204,53.72837083353909,-16.460738450796143,28.70843004354985,-18.09241602860443,9.716046501107513,2.0114176947158287,-4.843597355686853,5.390580026669686,-3.6557995040477063,Country
"Hank Williams, Jr. - 'Country Boys Can Survive' (Official Music Video)-3cQNkIrg-Tk.mp3",152.02702702702703, 436, 0.5136473409757883, 0.09032183885574341,2930.347704848096, 3311.5189322873202, 6008.328673115667, 0.05941991631977364,149.99160468627886,-37.249603181935576,36.7207547032461,-2.6620616708363802,30.571183396912716,-6.394102590555225,16.749759474257488,1.1688144857146423,8.265176348714867,-0.20283114709592298,3.3794546224276805,Country
Blake Shelton - God Gave Me You (Official Music Video)-nCf2PoTuh4Q.mp3,152.02702702702703, 452, 0.4685074108677857, 0.18627092242240906,2944.7837897560307, 3254.694313902635, 6013.157553626452, 0.06503118680930019,149.34397056573155,-45.69901919481049,40.98560821189892,-12.007187502214352,24.95886214717186,-12.117308204752195,13.77234797663081,-3.005465839311199,4.378436968406918,-0.5713806529157188,-2.2338093973390496,Country
Aaron Lewis - 'Country Boy' (Official Video)-vsQzw_Ax8Cw.mp3,122.28260869565217, 363, 0.4329743830954422, 0.06480159610509872,2821.773384064748, 3375.7864838044156, 5795.8079336039345, 0.060697010778990874,152.99723380544833,-28.251086003601586,36.668871519263945,-9.532963498886163,28.38912705848766,-13.471366135247298,12.021385912658065,-3.5391983808115994,2.7180023888567564,-1.7083936067905507,6.621718765270394,Country
Chris Young - The Man I Want To Be (Official Video)-fWcs1GmJRQs.mp3,140.625, 424, 0.39844830982181767, 0.12851591408252716,1854.7112961532227, 2339.7027770202017, 3569.735682329936, 0.04062484954595283,170.1465695294627,-19.083529934630338,18.639403679628888,0.8476203529665733,15.271676815864044,-4.7007601786609765,-3.948358680078564,0.254483768710318,-1.4649030023083385,-2.5006792596489724,-6.767424117397736,Country
Keith Urban - The Fighter ft. Carrie Underwood-GzT4p-OaJ5c.mp3,130.8139534883721, 393, 0.4329161045512316, 0.10709068179130554,3106.0921944156703, 3535.7781412959957, 6858.6657827684285, 0.06231598312692581,137.5430748685615,-26.184235361076023,34.433667045358206,-17.336417877846515,26.301680208384536,-9.627416957937518,15.814142239805049,-2.593077748334563,4.016600659617868,-2.318735282989421,3.7794921652048985,Country
The Band Perry - If I Die Young-7NJqUN9TClM.mp3,130.8139534883721, 385, 0.36338758012599837, 0.09394428133964539,3159.368003309271, 3744.1759638316403, 6770.868207809907, 0.060115303352393935,133.7761569568168,-13.234141468535428,37.917184755135054,-10.834520088839934,22.447601877836902,-13.430984620094762,16.114842838454496,-3.6463733131794527,1.7244414543549733,-6.4311631534689955,2.639289276984485,Country
Sara Evans - A Little Bit Stronger-22zB6Soc2Gk.mp3,148.02631578947367, 435, 0.4296690482451005, 0.06552934646606445,1932.300845250133, 2747.7495898872194, 3737.73406020384, 0.0365875887910346,161.26614359812214,-10.218790502489654,33.770205394523146,10.5601053401634,22.880714314304797,-9.433664418364017,13.69858851969772,1.4208447136123117,-4.1816166801792605,2.638263627180551,7.9383492821012505,Country
Brad Paisley - Remind Me  ft. Carrie Underwood (Official Video)-7qzhngp7jh8.mp3,140.625, 419, 0.43240238467312736, 0.2560756504535675,2307.4723931902504, 2936.4979443779275, 4766.835576410287, 0.04523059513139962,171.4235127045619,-32.474202704236184,41.21846546498184,-12.095111838841541,28.261598277447238,-9.860719060244527,10.824653952297826,-0.7297207398193654,5.8815487260716,3.4683852243128346,2.4222774381454566,Country
Cole Swindell - 'Love You Too Late' (Concept Video)-kVwLu4_kDfc.mp3,114.79591836734694, 331, 0.5180117608197724, 0.2785336375236511,3075.788191353725, 3506.8289053764424, 6730.026183633562, 0.060047193962579994,137.01831511203255,-25.39463958731349,47.93720228706839,-9.356674124037493,32.168365334954686,-8.408992521711395,17.029951557219185,-0.31045656861034504,6.86746619737486,-2.322702577634598,9.505265333893357,Country
Luke Bryan - Do I (Official Music Video)-j5GVa1yWYZM.mp3,137.1951219512195, 413, 0.44174262074409093, 0.045554183423519135,1936.8836046401111, 2345.9728032685234, 3791.932237348898, 0.04294262307603994,174.75381023558663,-27.916740874773396,30.75220397949358,3.37225988784849,19.19078248124749,-4.282349040635167,1.5026856760043146,4.470285248619014,1.9986536945163162,-2.1263498899147457,-6.022595921197808,Country
Blake Shelton - God's Country (Official Music Video)-ZEWGyyLiqY4.mp3,140.625, 416, 0.46379378611450295, 0.2604423463344574,2116.042607410969, 2623.6640094567665, 4011.877536886703, 0.04372883227290235,177.80560863516624,-35.47058567927659,30.353398977514907,-6.971375972822571,17.79486546733852,-8.736128457836417,7.004898145292071,2.0915317079848026,4.412101285691285,2.533139144223018,2.311034186274209,Country
Jason Aldean - Dirt Road Anthem-Lb9q1ScC4cg.mp3,127.8409090909091, 379, 0.5001660142478352, 0.08253329247236252,2952.9991467365944, 3899.7133158234524, 6663.238474757051, 0.04832121059492771,145.09114522718832,-8.282941398576625,43.57034506451402,-5.983888588702201,33.2735662144273,-14.65329204480719,18.595213899372148,-6.9127914982076675,9.478237390617526,-8.907053962352327,7.502205514117176,Country
Kip Moore - Somethin' 'Bout A Truck-3YfNFR6gh2E.mp3,87.890625, 245, 0.4490797994359353, 0.09206067770719528,2675.0511600598934, 3015.375061340814, 5609.725229951777, 0.05899592723961124,146.4431275383088,-31.603373409035264,31.72353719116002,-10.595755846913777,21.534043024675828,-10.587531350967712,5.518861975219978,-4.868773753974288,2.663746248326591,-4.218614998370121,0.806008061598201,Country
Lily Allen _ Not Fair (Official Video)-fUYaosyR4bE.mp3,122.28260869565217, 365, 0.4853451723421219, 0.08196306973695755,3523.942382740098, 3730.572592774126, 7940.004481215928, 0.07605145389532472,144.00147516104803,-30.366865475863307,49.32919794796034,-14.676837543045094,29.11024005785614,-19.75302285042912,20.439999136585172,-5.145830650887499,7.942926529127606,5.748307213488819,-1.978487603331934,Country
Luke Bryan - I Don't Want This Night To End (Official Music Video)--jEDdFm3Nx0.mp3,112.5, 334, 0.472528147804722, 0.06630675494670868,3070.0178178752267, 3555.9516182589796, 6753.535901576203, 0.06098732922308308,144.35700976814738,-31.421025906076572,56.45528182221975,-12.466444030670928,29.369954435016304,-15.99109448911618,10.371850742863067,-1.1677919723436267,13.271099668009672,-5.413563235776427,3.5103089992577785,Country
Johnny Cash - Hurt (Official Video) HD-vt1Pwfnh5pc.mp3,90.7258064516129, 270, 0.4547502880834957, 0.18217132985591888,1243.5941821339559, 1846.3756237948792, 2323.930341164968, 0.02292196342068618,196.8299766548018,-4.313487279876262,26.787112298251238,11.586926772891069,13.424078419053245,-1.3589913592640497,1.5328993475402328,0.9418946759575744,-6.097157195595632,-6.337095018149526,-6.9054457622005945,Country
Florida Georgia Line - H.O.L.Y.-zXDAYlhdkyg.mp3,78.125, 230, 0.4224908976446797, 0.10759999603033066,2442.3348713260575, 3325.1413593194775, 5257.298178626452, 0.0421933040542042,155.6665836377391,-12.214526926832203,33.03361534794901,-13.473186219824383,27.501218640161888,-8.640344201617376,10.399287341167662,-5.450383453656946,5.409712000459388,-1.9603918676848326,-1.6010340617241725,Country
Rascal Flatts Bless the Broken Road-lZp6pmgbZyU.mp3,135.99917763157896, 405, 0.37965878780453916, 0.19166049361228943,2093.5723227121607, 2771.50465093614, 4149.863795230263, 0.04360067487624161,157.52426114835805,-13.932425055114601,29.17790499467624,1.0426007850010277,23.237280410840658,-6.512635362082458,11.110195242268494,-3.0134518666594317,-2.05733817707101,-6.255698218765096,1.3528859875972985,Country
Luke Bryan - Play It Again (Official Music Video)-ALV-QtDFpSw.mp3,144.23076923076923, 429, 0.45541331367662136, 0.1264016181230545,2760.3191565227985, 3071.361328992792, 5828.975412568144, 0.061379840685366796,162.1036153412327,-44.332039796018755,53.16787502555896,-14.795573369351162,28.321966004319815,-14.724949370409247,5.398498822336955,-0.8965312887411904,6.5115530736262714,-0.4632889596068067,-5.026261172816741,Country
Florida Georgia Line - This Is How We Roll ft. Luke Bryan-CbxuXq_981s.mp3,130.8139534883721, 395, 0.4381883990082298, 0.11150574684143066,2782.6636794461224, 2943.1435142522328, 5499.874081535909, 0.06592786399694833,160.24911045767374,-55.02363217944018,36.31055297532639,-12.401052667215666,20.164384008555892,-12.051663844286036,8.620444245280439,-4.552523972450365,7.126523215175697,0.5121581497508177,0.4657998794410278,Country
Dylan Scott - My Girl (Official Music Video and #1 Song)-YEKLeWBr9jY.mp3,95.33898305084746, 283, 0.5397434321432228, 0.07635467499494553,2274.1150771008115, 2920.6455719196438, 4711.333309877933, 0.03806866421804634,159.34727617170822,-24.43109412941812,44.88932184273574,-0.6504040984257391,24.082965600367537,-1.4347229077793544,11.327364774473919,1.7502258648290991,5.592823569270893,4.944699221701353,2.2302966884257747,Country
Brett Eldredge - 'Love Someone' (The Edgar Cut)-MPty-nLtcAc.mp3,86.53846153846153, 262, 0.4130985839375006, 0.25273436307907104,2647.2245881617196, 3036.2464474568847, 5485.277724283005, 0.05681095634147606,155.71070729681773,-39.73923307620861,44.96505507662541,-13.73079230999438,19.449470603154115,-11.518174184360232,8.965986989708348,-8.271581871510717,1.3483019374261422,0.6902406018009564,-2.3529316946411414,Country
Tim McGraw - Humble And Kind (Official Video)-awzNHuGqoMc.mp3,100.44642857142857, 302, 0.38838096323943166, 0.1026814877986908,1984.2044906859844, 2706.0581448203093, 4044.628373874141, 0.03768101357882496,171.67323925691525,-15.87791032046317,44.75566381008226,-2.9803190089392637,15.237208565270329,-5.517356604710907,5.98517735654404,-4.02181954943939,0.3076949681183964,0.981820399744137,-6.425972045976087,Country
Shania Twain - Forever And For Always (Official Music Video) (Red Version)-IpT-FW_G8-A.mp3,86.53846153846153, 249, 0.36958874706182027, 0.10834452509880066,3613.733524506884, 4055.3028751259894, 8235.274483734298, 0.07144683671523169,128.12710329338523,-14.225090875470162,54.84430470081471,-27.543168177042975,31.43957531942184,-18.73268214307445,15.104940958331726,-8.986594595958985,8.32807848609988,-8.226107993291455,3.9568141574958196,Country
Sam Hunt - Break Up In A Small Town-YOb4VUgRqo0.mp3,137.1951219512195, 396, 0.490629938222152, 0.21716243028640747,3237.9386843217667, 3366.91248084302, 6650.457287716284, 0.07282453285175693,130.07437573356242,-24.224412213951513,39.24862359340221,-7.741399147072132,23.81423984528684,-11.234883739375158,9.703234620245237,-3.0914157193149348,4.060076372074931,-3.3801302781588136,0.9797410326631145,Country
Shania Twain - You're Still The One (Official Music Video)-KNZH-emehxA.mp3,133.92857142857142, 387, 0.35731948993368245, 0.06468226760625839,3623.971898378361, 3887.746739715162, 7788.03987541479, 0.07452683359504622,122.48448634079776,-26.756240628652417,38.251742021836165,-14.468316774281304,21.07863443720523,-14.31962663657578,14.304214023856339,-7.487177593227029,6.170882558726616,-6.154812925319699,6.26338764705307,Country
Luke Bryan - Crash My Party (Official Music Video)-1WEpLzsdEeY.mp3,144.23076923076923, 429, 0.5219888012807178, 0.06992722302675247,2855.558373144359, 3406.931126163507, 6257.7375044441815, 0.054545147324602986,145.32109401133278,-26.179905346151685,51.29700731225521,-4.964106640884966,29.097178694204125,-8.977785997959879,9.768283434291229,0.5361911754194795,11.018379051273907,0.22902520873764778,0.40379515279598177,Country
Zac Brown Band - Chicken Fried (Full Version Video)-e4ujS1er1r0.mp3,170.45454545454547, 463, 0.40185665866890913, 0.04249099642038345,1996.2469274125324, 2547.2614822873547, 4049.6072454965633, 0.04005248763036264,137.46422815824803,-4.799938607566426,24.32527934894224,-3.1597134079364055,23.72392694231826,-6.571150072122567,2.9376515830168506,2.644551049027127,1.270381085561302,-0.7194930096394645,-2.996039082448374,Country
Brett Young - Like I Loved You (Official Music Video)-PG2azZM4w4o.mp3,152.02702702702703, 445, 0.42905816705899036, 0.21431472897529602,2622.820199420635, 3093.4236105207347, 5558.419223305285, 0.05204332798797108,151.19349601561802,-29.73889749825597,44.92359088110709,-8.372911394403095,23.00083588226777,-9.889169443452566,4.821808221561881,-0.7301395852551682,2.2952527829581557,-0.2521779368597921,-2.318372096249493,Country
Blake Shelton - Boys 'Round Here ft. Pistol Annies & Friends (Official Music Video)-JXAgv665J14.mp3,170.45454545454547, 488, 0.49161958604303796, 0.06681594252586365,2519.4373110538922, 3190.9864748570067, 5278.07472520147, 0.04727130174693352,151.87946131053124,-21.45876711099504,38.0656094976697,-2.9742679249346238,26.390240927775174,-11.49632035676239,9.699614621487573,-1.1671596461224791,-0.3512215597586409,-1.9689702438334662,0.9997115047867169,Country
Sam Hunt - Take Your Time-iXi6IHFHeIA.mp3,156.25, 471, 0.44409206965859116, 0.2238517701625824,2653.2923326356354, 3297.755602912374, 5908.53180922612, 0.04833645853393873,151.0104809150045,-12.357764334257288,37.6756613139938,-13.21097482215223,26.56210694999313,-13.960274506507604,6.453505029689065,-1.5532613077674067,1.7528543404142196,-0.041933261610600986,0.3615715033329869,Country
Thomas Rhett - Marry Me-p_IwENcMPOA.mp3,85.22727272727273, 247, 0.4883759648276675, 0.12481112033128738,2652.8780186696, 3366.378922204911, 5901.476671752785, 0.04714072499407442,147.8056843974823,-10.861542104920883,36.41336241632885,-7.777626650135351,28.175521959306735,-11.770633810902003,11.87171819526014,-2.662001340995091,3.9819712829463754,1.8195435952855032,0.4295660047332749,Country
Cody Johnson - On My Way To You (Official Music Video)-RKUENGsDXBA.mp3,156.25, 472, 0.4586343250670585, 0.22793631255626678,2002.9907511332754, 2833.0694537587756, 3975.5616333846883, 0.03615989422849016,167.84399346935004,-13.584377517512083,33.73978335979993,1.0429137141904556,24.326343883129695,-2.684924413758151,9.379274827611518,5.3837074449150295,4.762753498468947,0.6334685749574137,0.6451691345449019,Country
Morgan Wallen - Up Down ft. Florida Georgia Line-77qc4ZtufzM.mp3,130.8139534883721, 387, 0.4042354272896283, 0.2329816371202469,3091.20781998679, 3330.807933655846, 6241.700954758237, 0.07149055518932211,142.99813414365005,-36.08473714454129,30.086238793804686,-19.065392726164976,19.119546807245424,-15.054522982718739,2.227043299809222,-7.556834724193331,2.3513563048280686,-2.011676941586393,0.7054017250616743,Country
Darius Rucker - Wagon Wheel-hvKyBcCDOB4.mp3,148.02631578947367, 418, 0.4305628308064347, 0.08134952187538147,2205.6522688953555, 2690.5591654007626, 4407.201332513629, 0.04849779156605535,167.26249730848446,-35.891198803152335,41.289753163333714,-1.8857835125725775,13.191594269463934,-8.110772453188273,2.2908236483374305,1.5734792551195846,1.6216964694929827,-0.46944144186416953,-4.183534623079249,Country
Jon Pardi - Dirt On My Boots-lheKC1iC0CM.mp3,89.28571428571429, 270, 0.47809032685060493, 0.05451759696006775,2219.9725673523217, 2714.1369171138986, 4548.834606097416, 0.04511133136554871,165.028398811021,-31.84322844749523,26.737021254882404,-8.094737305267664,14.799135381850153,-5.167410035676924,6.451376685489832,1.8954258085731641,1.2864755168260182,7.457749312017274,-1.7188052504085922,Country
James Barker Band - There's A Drink For That-TxdgR1GMBAo.mp3,95.33898305084746, 285, 0.45828019814700677, 0.1898575723171234,2981.541221479789, 3433.1272897450363, 6235.8762999229675, 0.05953634460550486,138.84635927201924,-27.83301042615796,39.58482302377821,-5.521443624498445,24.52645897338049,-13.81252463554046,8.98077411071385,-2.2878658516516266,8.617088126548323,0.261513669746921,2.96892269341393,Country
Florida Georgia Line - Round Here-p1oL37ycONQ.mp3,140.625, 424, 0.48287342326941624, 0.1280415952205658,3358.788098403484, 3694.6201220154653, 6992.180093031524, 0.07187160899724461,139.3370734659306,-40.422584934957804,48.16052582191423,-13.863204304593424,27.368272297021726,-13.009752479972787,19.732075320003048,-8.860591604363755,12.365100804692954,-5.370315543290726,4.9606638632631235,Country
Kenny Chesney - There Goes My Life (Official Music Video)-xP-Sxfntdb4.mp3,137.1951219512195, 405, 0.4420647091911516, 0.1381397396326065,2748.98072200016, 3261.179542461242, 6219.149513362171, 0.0529415097160909,140.08953947941373,-20.64823611381144,47.91526618059285,-1.0809266840096323,29.421629198416692,-12.199587236225039,13.03274258457691,2.88821863919609,-0.6626875344184785,1.358602369622329,1.5481819246779804,Country
Lady Antebellum - Just A Kiss-v_yTphvyiPU.mp3,144.23076923076923, 428, 0.4501194994639323, 0.051775772124528885,2575.6741900450734, 3201.5579637588207, 5359.285190507229, 0.05207431573499348,154.3661100578836,-17.559577551874852,36.076821356369,-6.459479707204266,20.383789491562954,-9.066368583486389,9.30937091742979,-6.629325567653025,1.0618888302700313,-0.13526993410922591,-2.5248307259037133,Country
Toby Keith - I Love This Bar--Fulz4ytZ54.mp3,114.79591836734694, 343, 0.46162461457046017, 0.08916355669498444,2671.061876711713, 3114.653890544838, 5386.393306322589, 0.0628371327995378,161.91287839645977,-33.34292509002485,31.820439971875977,-9.447069337974913,28.880762371694555,-11.111850019601839,6.3837731607609385,-2.9419424598404134,5.419735970919807,-5.522156941876856,3.3538856740682084,Country
Alan Jackson - Livin' On Love (Official Music Video)-DDXLmYyFu4I.mp3,119.68085106382979, 355, 0.4652003066529083, 0.09813280403614044,2505.8924557723017, 2996.5622235674628, 5258.599490400569, 0.05395455732252904,163.66578705591206,-31.52509797713217,49.609330204389195,-9.204729962347654,29.442474126544234,-9.823674282639608,6.886905710313527,5.009199451647898,-0.416666072901214,0.12165434919485696,-2.1658237999598136,Country
Luke Combs - One Number Away-Ct9BFr9XBaI.mp3,144.23076923076923, 408, 0.4801721520330713, 0.07801198959350586,2789.764550753716, 3306.5705292624716, 5861.849853342024, 0.05198786252481334,143.11615988457726,-25.359153059460684,30.553351493634583,-1.1866291551021837,22.307423664412372,-11.513602812353579,7.410535965092348,-1.1756412438370247,4.732240553648728,-1.4504490808503592,1.9296245243683119,Country
Shania Twain - Man! I Feel Like A Woman (Official Music Video)-ZJL4UGSbeFg.mp3,125.0, 374, 0.3986008226982242, 0.08396083861589432,3521.4744954272596, 3771.9510834360744, 7603.268880362645, 0.07643858373207514,136.31765012247857,-34.10107538157322,46.98862990456919,-21.146087960437356,25.035419700586047,-23.293519005026273,14.04705641585697,-8.917492292879386,5.898511048255983,-2.019108581374904,7.341377664486865,Country
Chris Stapleton - Fire Away (Official Video)-ZI-aPHeUDlk.mp3,117.1875, 344, 0.5024012786874942, 0.08536708354949951,1719.8819239949041, 2433.552761491247, 3461.939292486371, 0.030195664331002608,165.99086095847798,-15.511326068392508,27.677093427089325,16.559028654061983,20.921211114321153,1.5823113368662742,11.328008568635754,6.418368342968456,5.330541137876929,7.933827288800899,-0.24031080320664197,Country
Steve Earle - Copperhead Road-xvaEJzoaYZk.mp3,156.25, 464, 0.4896960035338134, 0.05853385105729103,3879.762285189498, 3717.4823256156455, 8079.665649442996, 0.09526061650050367,121.21208678718902,-36.362499051444594,51.270175625875574,-16.23557533366647,31.08383503777388,-12.158796532161592,8.733716485944512,-4.6996255752447045,3.6653156290155073,-0.05047195119567433,2.975220008027363,Country
Hard Times - David Newman (Ray Charles Presents)-yjj9Dgd6vRU.mp3,117.45383522727273, 354, 0.38372302860791424, 0.1054062470793724,2667.2596394864568, 3075.9928840965963, 5518.934683312573, 0.05767192387851522,136.79324039943637,-37.86309348477079,59.56199220255668,-6.980267833939569,20.290701508684656,-12.143506936358962,12.912748727316522,-12.177653627532766,5.242442380223229,-1.7829853492677346,-0.6050153057144746,Jazz
Miles Davis - Freddie Freeloader-RPfFhfSuUZ4.mp3,129.19921875, 384, 0.35057909019712435, 0.07736800611019135,3597.563853892333, 4194.6404205030785, 8549.648301446401, 0.06426504349683952,113.167807668676,-2.901781346145115,37.20959553176963,-14.5743798769548,31.516501959409116,-21.720456943908232,20.475269749134338,-14.37678674223882,9.467877074019668,-2.6001980171494523,8.553502241762148,Jazz
Charlie Parker- Confirmation-yXK0pZx92MU.mp3,103.359375, 307, 0.3977582714916263, 0.15371392667293549,2808.9036010064847, 2948.9242115985207, 5910.835091322199, 0.06645856134908733,135.1511326262411,-42.17537020381288,65.31934112104295,-13.549847410667667,19.063650574676476,0.014256848147450749,6.100447377824171,-5.21882583658593,8.079909746288456,-5.189415824026137,4.878708760921298,Jazz
SONNY ROLLINS.St. Thomas-UA2XIWZxMKM.mp3,105.46875, 314, 0.46912407329475875, 0.1093825176358223,2112.364780574234, 2720.17439881924, 4326.840502854102, 0.040777688671068756,147.67245299299265,-0.03925264254924019,43.05524583393753,-0.250745836813486,14.889901439857159,-3.106842815382927,1.8240965055845704,-4.916381078224537,-0.7270153889281509,-1.9529878172512423,-2.656883233662705,Jazz
Chilli Peppers - Duke Pearson-YjRWditGKRY.mp3,191.40625, 563, 0.4098327383383555, 0.1012122705578804,3266.2530161858563, 3812.8610769118254, 7503.4782386047555, 0.06832715675188661,128.30868523955655,-20.65951951399612,39.40469327812846,-17.49635670571202,26.535852981827144,-16.341743148288995,13.147564912338467,-11.135939806916157,-1.1813563248989873,-4.54131688849813,6.989065135965486,Jazz
Benny Goodman   'Don't Be That Way'-kOO8Gzr__zc.mp3,161.4990234375, 473, 0.38852695254033986, 0.0872095376253128,2052.2008045639795, 2172.4928897749883, 4157.277639288652, 0.056422246375935244,161.68041108130785,-44.2207340686081,47.37630331000619,-0.01108719339636171,-3.5425502907203295,9.246728478508777,-2.436126645469253,-0.22711988429266933,-4.595326476313079,-2.3282385280679234,0.69957338001853,Jazz
Freddie Hubbard - Red Clay (Complete)-wA1ZelIbUfI.mp3,137.1951219512195, 406, 0.398844866002883, 0.08209976553916931,2693.9256341615655, 3088.135103342431, 5690.007258829107, 0.05519172359230564,149.06743180825106,-32.95380200021666,53.797887780896616,-11.985473739178577,27.887745690111093,-7.320283853059542,9.891442538592164,1.220224735729678,1.5298719998993688,2.0935349411663027,-3.1570785197827487,Jazz
Billie's Bounce _ Charlie Parkerã€€The Savoy Recordings-S4mRaEzwTYo.mp3,161.4990234375, 475, 0.3406801132250227, 0.10786284506320953,1690.1575412184052, 2059.2001691541554, 3129.2949664703465, 0.0400588406620872,178.69350274239363,-41.88792494183511,22.208391085334483,16.8740273972862,-0.13504551589534441,0.9566569626671318,7.156585073577062,-5.633640529388312,-1.0202997359172685,-1.8277944097304233,-2.233134098098511,Jazz
Hank Mobley - Soul Station  1960 HQ-9ohyLzAu_qM.mp3,101.33272058823529, 303, 0.3349216946562239, 0.14426760375499725,3215.6890619691058, 3994.8221240213506, 7547.893247811049, 0.059385600842927634,129.98873264046344,-10.079181794585619,41.5983896382333,-16.786130918169818,23.256488875114425,-18.73204593385923,11.064820448927632,-23.120921001633867,6.027056093293346,-16.10448546065536,8.293994612126511,Jazz
More Today Than Yesterday-Charles Earland-1970-WqEweV0eScg.mp3,137.1951219512195, 410, 0.44550544565127376, 0.16448535025119781,1853.909164730064, 2689.4725376425076, 4040.336961513392, 0.0332673283712817,173.3202379944756,-11.971970900485516,57.86460190566861,-19.77482166743228,22.77506963320584,2.341405673104154,4.625565945927915,11.923731155773783,-7.648908918490642,5.910920522822882,-6.094284710320894,Jazz
Art Blakey & the Jazz Messengers - Moanin'-8TdY6iqV2k0.mp3,129.19921875, 384, 0.35570124864330627, 0.13869710266590118,3389.8647351978393, 3957.8454142327337, 7763.751664766955, 0.0715007644196659,128.12229610127525,-15.990808556852924,27.281749647491832,-15.15327827906383,31.52330492587413,-18.709416248522487,14.560477050140749,-16.305467321873806,6.50038058324142,-16.355724480475843,6.143034075513575,Jazz
LESTER LEAPS IN    Count Basie Kansas City 7 FEATURING LESTER YOUNG-f60JYoHdfVM.mp3,123.046875, 369, 0.38613871040756115, 0.0954606756567955,2838.4591063292846, 3708.104239844347, 6680.558214689556, 0.036907688136932404,117.49064913203291,7.501705177985268,54.84794023180433,-7.980457325822296,12.247055389419318,0.46066904067952197,18.785586067101445,-7.13373621638728,4.002578155643341,-0.28842816567513857,2.1244169084153377,Jazz
Horace Silver - Doodlin' (1954)-fhCinGFUCeU.mp3,123.046875, 366, 0.34025808208046815, 0.21086576581001282,1184.2076169255006, 1519.136031463892, 2304.451343075779, 0.02645647267439048,197.49692912433196,-21.230395458892925,26.055990911491865,14.409702544605864,-5.182747338897637,7.672265032237446,-2.509348602528762,-1.1743094802184497,-1.0380624822636297,-7.747934730881216,-5.075244689547066,Jazz
PERFIDIA  CHA CHA   CAL TJADER-0rjP5MPA3qs.mp3,127.8409090909091, 383, 0.40290986069864676, 0.07349631190299988,2539.9784855669236, 3088.33172402039, 5845.573040116141, 0.046439348733038045,156.00581894639703,-29.41056713821358,68.48368968272574,-19.836051610930998,18.535536318046606,-11.171158683244393,-2.550545896658235,2.2857085703171753,-8.007502445453374,6.355819569594943,-13.650358998925359,Jazz
Bud Powell - Collard Greens and Black Eyed Peas-N76ErzOdk9g.mp3,178.20581896551724, 516, 0.4027150437575819, 0.10613054782152176,1759.8879300542944, 2815.6120208884017, 3459.9693558164427, 0.028280094804163443,162.27952517170323,11.016469260695297,33.0683864732284,-2.7617256114103808,12.512403452252986,-3.1409918131931214,6.6247830791015145,-6.579180090955793,4.016664210066322,-3.648935339172017,3.69135177605395,Jazz
Milt Jackson - Bags Groove-w3TMe98FJDw.mp3,87.5926906779661, 260, 0.30380771059170886, 0.19652587175369263,2006.653712576701, 2503.4039975671603, 4187.821899036136, 0.044552640649187306,151.060341114779,-19.824050734057067,45.07019907359978,-6.314581846311352,4.767180243649328,8.835743419949921,-2.1969640708730913,-9.088491200171141,0.2193791534115494,0.39948103529243284,0.2770896638824665,Jazz
Thelonious Monk and John Coltrane - Trinkle Tinkle-6WjW5orDM2c.mp3,78.125, 230, 0.37390145127545693, 0.08057594299316406,2228.038803339959, 2482.5152239608865, 4987.275291093861, 0.04911300395161768,143.83063935917164,-31.2341231360455,49.2706114893665,0.18346027973020854,9.542110712810157,11.77144489267504,-14.271643557153824,14.262316494101771,-7.343680914808318,2.0382746315727243,7.737594727983293,Jazz
Thelonious Monk - Misterioso-a1WDW-swiAA.mp3,165.44117647058823, 484, 0.29769105206030017, 0.1444288194179535,1430.5240213303568, 1934.1148797668334, 2685.900557744726, 0.02945829483252844,178.45265361024957,-12.228901268980467,20.183187693832892,16.894352200907846,-0.07444822437482264,0.7576566230319809,-2.043192777959951,-4.684117584225808,-5.488941626434364,-0.6387544096186895,-2.7874857557816246,Jazz
Nat King Cole-(Get Your Kicks On) Route 66-lBbGRxSiYBs.mp3,140.625, 412, 0.37337490821778163, 0.09875807911157608,1091.8123010366348, 1473.5595785117641, 1841.9561248222328, 0.02484583668190033,179.4748648623155,10.740025115522878,11.006764043088086,8.711481388662834,-6.596889743271654,7.224714710247802,4.4160675143066,0.7760080582626511,3.733836283294885,1.7109755609338049,3.236550315266883,Jazz
Jimmy Smith _ Wes Montgomery _ OGD (aka Road Song)-L97XaO61d7k.mp3,156.25, 471, 0.39183268773640856, 0.09276415407657623,1217.4101669327936, 1968.0388372187995, 2312.3365837579995, 0.01986951120489156,180.07126023796232,7.967715890155758,45.64137812061786,-2.098044869841287,11.363638625241414,15.544704800909843,-12.91880118872793,9.981373773970594,-4.557475333968176,0.3358603898429303,4.145125117429361,Jazz
Cannonball Adderley - One for Daddy-O-u2xx3YTu2ac.mp3,108.17307692307692, 321, 0.35766440717838105, 0.1511176973581314,5163.093022752797, 4862.084476154418, 11272.341731601091, 0.11845047492555996,98.40551076456485,-8.279262750248655,51.240167405832764,-23.587769130252962,33.39888004747754,-21.073974117769346,18.491478760033132,-19.974948756683506,12.392776284203402,-14.195120745134966,1.6403348476533777,Jazz
Jazz Classics - Dizzy Gillespie - A Night In Tunisia-BQYXn1DP38s.mp3,89.28571428571429, 262, 0.30102817633822543, 0.0929008424282074,1949.0253184227308, 2047.037295897269, 3709.066314588765, 0.04804535888614008,170.66772130271562,-36.84087697301297,33.521501193365495,5.0401232900409845,-16.89784457512565,7.487744972060604,-0.5880324434400681,-8.78888471502595,-1.0619811394680432,-3.08943986521096,-5.068714676139676,Jazz
Herbie Hancock  Watermelon man-ZbHJHPTikQA.mp3,129.19921875, 388, 0.4023848808101879, 0.1374666392803192,3452.5174312885974, 4171.86733051715, 8359.391118572223, 0.06508212094459494,124.01618966743986,-5.954794858188336,45.641632503671325,-12.135515094486749,28.925968274296686,-19.979783566488024,18.167781216113358,-21.12987875958078,7.909233524529693,-12.10758361530328,8.639254595558134,Jazz
Hank Mobley - Remember-KV0HX9sk_04.mp3,83.35433467741936, 246, 0.35489440204967004, 0.15666049718856812,3459.1796683177718, 4171.431746034109, 8226.312756612206, 0.06518680663054696,125.30229217091687,-10.00879506081084,44.45033214305814,-16.607118929754094,27.537420125492762,-19.238857029174543,14.28771687892571,-22.60010869865901,8.211265936990106,-15.647069545582,9.149770584835796,Jazz
Bill Evans - Waltz For Debby-dH3GSrCmzC8.mp3,102.27272727272727, 305, 0.46268088973666277, 0.10357148200273514,653.4962415552467, 1250.197915554005, 926.6256444062574, 0.01360726656012977,185.04403515058115,54.44595764514387,26.859251708571374,18.282815318448538,4.238400458042552,7.206094577953275,3.961210816793553,-0.634202784100208,1.949579480518665,1.093269080205502,-1.32677058125071,Jazz
Dave Brubeck - Blue Rondo a la Turk-KAlVasHbipo.mp3,191.40625, 562, 0.3806889780716668, 0.12229800969362259,2231.844642899966, 3157.204477261967, 5077.285965013061, 0.03843699987704786,149.48554492940116,4.240444931512613,38.81655741721434,-14.634372944005992,23.38934587672283,-9.667269108614688,10.69702319924514,-9.15694711201356,2.5606903367970695,1.7067637761405177,-4.300950329859427,Jazz
Joe Henderson Quintet - Recorda-Me-xwRbcb4ADjY.mp3,122.28260869565217, 360, 0.4073284980504128, 0.09822388738393784,1778.6203552360075, 2423.432262464357, 3501.8244289227305, 0.03171143098927471,164.7791196427058,-1.6630919822794428,25.932377285653363,4.8386455651249864,20.000854803892434,1.346326643167358,-2.0661445660771585,0.7274849567075529,-7.184356135473624,-0.7758268473963981,-6.628702965941987,Jazz
My Favorite Things - John Coltrane [FULL VERSION] HQ-qWG2dsXV5HI.mp3,170.45454545454547, 507, 0.3903985868262985, 0.06393598020076752,2129.022213228264, 3229.864485723411, 4746.67843757407, 0.03154005804285672,161.31128513046446,-1.8395043729959337,49.228032727475295,-15.613686878547279,29.785266668331946,-7.493878797910634,11.105526357495316,-7.903917650615759,1.1454752584938315,1.9457889462477813,-2.7345323374980017,Jazz
Joe Henderson - Blue Bossa-M69YdmAJoLs.mp3,108.17307692307692, 323, 0.3497387277273933, 0.13128972053527832,1722.4357840210948, 2442.132804356496, 3035.346516502726, 0.033146415397606065,183.14471896341632,-13.669572514611056,10.14394929184053,11.489476500078636,9.007424624590099,-0.3002456122831613,0.47354490633994956,-7.649269650440229,-5.234216467763088,-6.430624505545275,-1.9492918953729075,Jazz
Herbie Hancock - Maiden Voyage-hwmRQ0PBtXU.mp3,122.28260869565217, 369, 0.3545943908080689, 0.13346955180168152,2724.4254047215545, 3204.6153742717793, 5813.617989304337, 0.054304796984252786,153.55639240853935,-25.60205593266209,40.880888868656186,-17.965600296642034,26.74797759334658,-19.826992543522483,2.5875771577472664,-4.774367108011266,-11.661984087361555,-8.075812879055785,-6.179034137210856,Jazz
Art Pepperï¼You'd Be So Nice to Come Home To-xISaCzXYYg8.mp3,89.28571428571429, 267, 0.41174330593535546, 0.055967606604099274,2472.0851765531875, 2937.825401439651, 5795.169082572885, 0.04542575139065833,144.6817698235776,-19.721750314595102,59.87267149131855,-13.203174384877086,14.419441870040904,4.699296028262452,-10.880887039412924,13.250747762799776,-8.452617287972137,11.387932155627897,-1.2312774989036992,Jazz
Dave Brubeck - Take Five-vmDDOFXSgAs.mp3,125.0, 381, 0.4821501953816626, 0.08284468203783035,3029.380770256953, 3576.454517694547, 7064.461920775065, 0.05250820206024828,128.27769546917915,-6.9727818817441705,52.780813642698,-11.762431889647244,27.62027362131356,-5.302194962949967,10.887159117176362,-1.0806256585555563,-0.25254558661070414,9.753871392743937,-6.788797630374582,Jazz
Lee Morgan Quintet - Ceora-ECw3WAX41OA.mp3,127.8409090909091, 382, 0.3530813894515199, 0.11459465324878693,1532.5704576118899, 1930.3384298428368, 2877.8155738919177, 0.032912980156731456,184.98568983927274,-13.465659036453973,26.04267750624189,7.285989700782464,9.881913377393152,-0.5519448892936971,-6.820896952204808,-3.8584905407389405,-11.752586177017054,-6.488719570629411,-3.8588791434042067,Jazz
Stan Getz & Charlie Byrd - Desafinado (Verve Records 1962)-or5qBh8Xbpc.mp3,175.78125, 518, 0.4662936051214796, 0.06080201640725136,2616.1594990941567, 3491.69889456226, 5938.5939166567905, 0.03713101723601565,123.90007069167223,8.110637466903443,59.0501692631661,4.004189999278307,31.315273663117633,1.7287079443100912,10.302040231833034,1.6870489578273558,6.909276021537476,0.1652458330996859,-2.3696066527860156,Jazz
'Comin' Home Baby'  Herbie Mann-RJEjFh2FOzA.mp3,78.125, 230, 0.5395811386981457, 0.05325841158628464,2842.6851019134892, 3995.818945428984, 6684.530268576677, 0.037865638054781936,125.56282634435097,3.731307695940147,50.561951262782785,3.5237601979825874,23.981933568108865,-3.791783601477498,12.476259064724537,-6.344929625443648,6.15574263236377,-0.23110665021514562,4.169565138594793,Jazz
Benny Goodman- Let's Dance-M7HYVow1kHQ.mp3,175.78125, 383, 0.39828379608805514, 0.08599653840065002,1183.8882483070474, 1232.0513387008325, 2350.449027713088, 0.0350517482606544,211.5421736739215,-28.971735271731227,8.234142020852323,33.68402315079214,-11.7705787751113,-1.6779177293650942,5.338047948986878,-5.94915031768945,-3.3820278554169336,-2.242537825463618,0.4306852731491062,Jazz
Miles Davis - Milestones-2vOWMz1z7rk.mp3,119.68085106382979, 355, 0.37427092913191357, 0.12159464508295059,3217.3350585333615, 3204.420233409501, 6539.1680493007825, 0.07253496667790058,125.4477018329545,-52.62958670776797,56.46685497535896,-19.230792099454124,28.692548712130527,-6.4638245480175724,9.30861396489517,-4.5029961824057825,3.084375513828899,-1.0268595620182068,3.8990887694134306,Jazz
Gerald Wilson - Viva Tirado-83Cn2UU79F8.mp3,125.0, 370, 0.38144001812650064, 0.07078472524881363,2447.9235747939415, 2835.5311608386046, 4771.901942847831, 0.05425497354786383,158.5725919986624,-43.53926719609971,41.314386939016785,-7.606392107549302,12.40443094826985,-14.779145420606008,7.311626397706445,-10.292114825780127,-2.3786447249060148,-1.1047517289156124,-5.655279984657744,Jazz
John Coltrane - Acknowledgement-qagOblqhBhk.mp3,123.046875, 371, 0.4146372072459693, 0.09664667397737503,3530.0093362464327, 3946.361472777203, 8037.712508163216, 0.07767753482972137,122.77975732273413,-11.210984577364316,44.772090749795446,-22.32230073865046,33.67546875409374,-17.179960081204566,11.427804789328487,-17.880726039825575,3.611967736188985,-7.2884779739733885,4.3686382344660855,Jazz
Duke Ellington - Take the 'a' Train-zGsGwFBoEgc.mp3,170.45454545454547, 474, 0.42829107182991805, 0.29916754364967346,1443.0077440861978, 1507.9518432550565, 2829.073780779345, 0.04085465444208702,189.84407791397237,-29.85735081514627,41.48239875725219,52.687417607492236,-3.3277466745803737,-4.5396195640714865,12.648611608445695,-4.097935481610686,-9.263446228896239,7.391125925112729,-4.464749237331889,Jazz
Jimmy Smith - The Organ Grinder's Swing-p0AGYvMFdNo.mp3,81.52173913043478, 175, 0.441757655957606, 0.09435271471738815,1384.0859713459233, 2121.1046295618244, 2718.463204011345, 0.026806759331948947,176.53539129927796,3.6710953363101675,46.41167162653896,-7.252496549618834,16.514736583453686,12.808944859365981,-9.354551932518604,18.859274253920734,-4.707196437311865,2.2538118919287484,4.31557133956787,Jazz
Yusef Lateef - Love Theme From Spartacus-BhqQFs7huwU.mp3,133.92857142857142, 398, 0.35511762893890997, 0.058949049562215805,2401.203487798979, 3624.0252612051904, 5256.02325417753, 0.03933401168819625,146.01529455821768,18.89224306775917,41.539340086359154,-16.224641911657265,28.987720171573724,-6.428201029528894,14.77552743511536,-12.895124869703533,-0.8305446132846698,-7.14107463346347,-1.264486192929545,Jazz
Sarah Vaughan - Lullaby of Birdland-x8cFdZyWOOs.mp3,123.046875, 367, 0.42552415189880405, 0.07805626094341278,2232.537941671781, 2507.7178139563716, 4615.415146771599, 0.04657848503813532,137.8309547864523,-39.25255841662913,46.458224463564555,6.7574919984415684,15.520821497154593,11.915335206489775,-0.7338604229909694,8.346670237168869,-2.8829686416458067,3.169289358594119,2.13114315904832,Jazz
Killer Joe By Art Farmer & Benny Golson Jazztet-u23Etcb-L9M.mp3,109.95678191489361, 328, 0.3328100602495737, 0.049982525408267975,4116.44813848346, 4030.2010727704173, 8645.618554460743, 0.11993008230738841,97.0760521450922,-6.672753965518011,47.12923068488294,-14.687578252699057,20.346920757849738,-17.872259488406133,10.431626102025994,-17.98190112155884,-1.7876205708367843,-5.0436394579351935,6.575111111318367,Jazz
Eddie Harris & Les McCann - Compared To What-fvJzCdgB3Tc.mp3,147.65625, 446, 0.45139022802813317, 0.07058081030845642,2134.537010177793, 2754.889127752552, 4739.989393488172, 0.0434542597877967,163.34516583566375,-23.81061400035724,43.86713295436755,-16.24842581825354,29.056151133955947,2.7277841501255566,-0.4116066562788165,2.031007838127018,-8.404339285649375,0.14439479862948953,1.7121463549959852,Jazz
Kenny Burrell - Chitlins Con Carne-mP0flneNfaQ.mp3,130.8139534883721, 392, 0.4642177224766718, 0.0640435516834259,3109.3925684483565, 4253.696617074835, 7292.1900924389665, 0.04231835451417694,122.13278479535211,17.149890108033812,42.06611835228954,5.601534786065636,29.66317108426872,-5.83196899516608,9.291124945510235,-2.6465601011749964,6.349881665105514,-10.188945827788958,5.754234606042795,Jazz
Wes Montgomery - Bumpin' On Sunset-dqn3PF_DcSg.mp3,106.13207547169812, 317, 0.4108984676809825, 0.10794679820537567,1538.119515893448, 2386.781528225914, 3147.3704336039345, 0.02336889874118571,161.73971025397887,13.57737755122013,53.47234576506685,-3.4345403795713905,18.09909908059605,7.441793159810715,-9.01119096777662,7.397016517092551,-5.969830993094216,6.188972141795763,-4.1785933119266,Jazz
Bill Evans - Night And Day (Everybody Digs Bill Evans)-N3xeX3MqJew.mp3,84.72079918032787, 252, 0.47714176343719056, 0.09175540506839752,3827.4466252679063, 3754.4851210148586, 8063.5401297649, 0.0784826445997807,109.34971275946039,-9.455825576710948,58.11596472946237,-20.022424106845623,31.27001768428559,-10.923236818071489,13.011211997787436,-4.0840028261008365,1.2511628142568112,0.07334194152606063,0.642676777062421,Jazz
Miles Davis Someday My Prince Will Come-Lo18F5ObPng.mp3,156.25, 469, 0.39027937614689034, 0.0750519409775734,3512.545822698061, 3687.37698772133, 7326.17141206447, 0.08345740969979557,115.26396174000979,-15.949126707033933,62.41883787099691,-10.633031364124944,32.018310075618565,-15.33118396202864,15.34478610740233,-6.67086975811503,5.14991001207231,-2.3312092828235675,4.6132964005011825,Jazz
Oscar Peterson   Night Train-0yQyjcpnx3g.mp3,103.359375, 310, 0.46354335909080807, 0.04371236264705658,3099.550409011893, 3907.244402885494, 6852.026622287998, 0.05693436849966138,117.18075876296562,44.261870478166074,37.96145041949829,8.778930869495454,30.061585631712774,-7.028124544207836,19.191431101768803,-14.053386840453191,4.453001852128176,-3.342168964479488,-0.39444181602513,Jazz
'Round Midnight - Thelonious Monk (1947)-zre0u5XyNfY.mp3,61.5234375, 185, 0.33722276867609496, 0.16059087216854095,1402.6537752862828, 2005.202323615301, 2719.034947256555, 0.027948621625870744,167.7353177915284,-3.533646341174221,42.92715848442066,1.2384720665949034,3.084440815855044,10.591794134467243,0.00905863276123162,-1.1694240371257019,-9.76519898362362,-3.5126165263485816,-2.6901037642287897,Jazz
Charlie Earland - Black Talk (pt. 1)-xSaPCoTZr-8.mp3,132.51201923076923, 395, 0.42705555994799627, 0.14353327453136444,2311.7230188293015, 2584.4413807595633, 4759.923995168586, 0.05659130557033669,158.17050484866465,-37.27023482105022,49.244937424376154,-13.802254738161224,23.746111768283534,-2.457240112212589,4.056112019180535,5.093695125322275,-2.9862599951737026,5.284590265057224,-5.149757431472649,Jazz
Jimmy Smith & Stanley Turrentine - Back At The Chicken Shack-RcOIUECTPtU.mp3,108.17307692307692, 325, 0.46595033431802585, 0.07409673184156418,1800.2339123868946, 3363.9887495870557, 3330.7054026428063, 0.023361491772709766,148.66065775531376,33.261193875564075,30.26595515320734,11.367252427982173,39.49259705099059,0.13354847967437408,12.967929734393126,-4.192145440185967,6.411438481506183,-4.584186394722731,1.1486854258772423,Jazz
This Here - Bobby Timmons-K9q4LRyhufo.mp3,191.40625, 569, 0.3957711330946093, 0.08255530893802643,2794.73820959394, 3084.0927222089235, 6276.796767290901, 0.059244382246113905,147.49133657221466,-37.457314403957895,67.04906077430293,-23.005247817111666,23.50901329770281,-14.273106956278141,4.294503135290662,-0.21397937807179648,-9.448990790001849,5.432753093295774,-11.48668001274299,Jazz
Wes Montgomery - Four On Six - The Incredible Jazz Guitar Of Wes Montgomery-BqLDTKun4so.mp3,102.27272727272727, 306, 0.3609964408754663, 0.12515796720981598,1495.0548477975306, 2166.453864476444, 3265.2717801908034, 0.02315354691944181,169.2031349636561,-8.321074602877156,52.208253936841395,14.56396684901181,8.707434289916678,1.625280455303197,-9.474543802680595,3.5873681629535867,-4.174208530378928,-1.9187589831503786,-5.7030478172400825,Jazz
Wynton Kelly Trio (Wes Montgomery)_ Unit 7-jUN01HYwRX4.mp3,106.13207547169812, 322, 0.3524377919313947, 0.08978471159934998,2368.4441900327474, 3129.401542048786, 5560.167730801138, 0.039905968535197914,153.4050671426872,-10.427980509941827,56.152466867609576,-14.866963738874015,18.235019088645515,-5.1903514838492475,-8.705692931850965,1.9025514530649108,-6.578403426235063,-4.46447129837852,0.3065753009069934,Jazz
Clifford Brown & Max Roach - Joy Spring-6tBJa8Ew6fQ.mp3,166.70866935483872, 492, 0.4142935482244123, 0.1070512905716896,2065.9195267033538, 2996.1955657341637, 4103.198799629329, 0.03421064599256644,150.10540672253234,-9.515886503875512,29.671056903035517,7.9805506710833685,27.45867835929469,-7.351087381478019,15.31898437008158,-2.8997206763978047,4.566722986093875,-1.1119511986913677,2.4527997973231384,Jazz
Toots Thielemans - Bluesette (1964)-Oi4G6UmYK9U.mp3,98.6842105263158, 275, 0.4548352751551423, 0.11914002895355225,1858.3302449190198, 2783.7353417327618, 4166.100649249548, 0.028793693219857384,161.00597748845115,0.13712275324924114,59.34355292385931,-2.109315960403255,24.800219875557996,2.334101495719951,2.5527242450485805,0.5195412623003459,0.9882583585440818,4.258589904298446,-4.585949094979084,Jazz
Cannonball Adderley - Autumn Leaves-u37RF5xKNq8.mp3,110.29411764705883, 330, 0.42047898253168553, 0.12267330288887024,3966.805058126389, 4341.996723290037, 8990.919982519554, 0.07399101465283539,105.30599048011491,5.405036883542171,66.98083963726921,-7.462249624432855,32.67687042041628,-10.22599871316135,15.938934173389647,-11.06040133888491,9.258486948255332,-10.412155189036806,2.0332899409932508,Jazz
Theme from Exodus - Eddie Harris-II_LtoZGSVg.mp3,117.1875, 324, 0.32713618708793923, 0.07960773259401321,2737.3245995065968, 3626.470566557835, 6249.386610423086, 0.040201813272176465,121.46083975613908,2.885300654516555,39.68670533409963,-0.7645277381348128,13.79268749016663,-11.523384738510533,16.91334958870936,-9.912689260030234,4.676205019355649,-7.957499106803657,1.3072334114959674,Jazz
Thelonious Monk and John Coltrane - Epistrophy-K_h1geOaLvY.mp3,79.22535211267606, 237, 0.41237236116910814, 0.1119430735707283,3834.5845654852205, 3631.9291153467548, 8015.447232756577, 0.08896897544960299,109.4314531488228,-42.2679095582616,73.9725192178892,-3.1327240281092745,33.49318173686236,-20.507714357972368,6.932775597559984,0.44193277839600154,-3.7053995601693384,-0.12477295307746471,-6.256862440650573,Jazz
Art Blakey & the Jazz Messengers - Along Came Betty-CTzRHq_cH5E.mp3,109.95678191489361, 331, 0.37296982055439587, 0.14900563657283783,2989.0929499220197, 3822.558144725518, 6666.345800630079, 0.05487384933928341,135.35764719453567,-15.730499209989706,32.01541657448829,-9.524019668599657,30.5855949106151,-16.491570576295224,20.62692457971379,-14.0663140740515,9.531420366614725,-16.038395130573267,4.106003571577924,Jazz
John Coltrane - Equinox (Original)-5m2HN2y0yV8.mp3,119.68085106382979, 353, 0.3933606383688372, 0.046453893184661865,1902.5023021640927, 2776.300127643301, 4102.186074158569, 0.03260848431204077,158.55543414752105,2.8400881582171733,44.514252320879784,-8.611316876009548,20.68477066808516,-1.8949784523764281,-1.4252391674028961,3.0124069857210647,-10.724097684323262,3.7371513524614546,-5.083311536468582,Jazz
Lou Donaldson - Blues Walk-wwO5TZdNWok.mp3,112.34714673913044, 324, 0.38565385796717916, 0.19999517500400543,2631.0097790431882, 3547.5424468556257, 6070.527181241535, 0.042480248292779285,121.6498279372784,-4.163116069257856,51.76118953830005,1.0197605849614935,28.801211343373204,-12.691527074641725,15.192062313812436,-8.182595297946364,5.49960697668673,-4.449873373384902,3.750684450276155,Jazz
'Cast Your Fate to the Wind' Vince Guaraldi Trio-ADPgTmca6Zs.mp3,125.0, 365, 0.511850345764022, 0.051903046667575836,1980.7615206767425, 2935.634307142105, 4338.802607993601, 0.025868056198521568,156.40772392435824,16.342817896829004,41.319540528749904,-8.26810124585786,20.980587728063316,-2.1188892916604947,8.346645298132147,-0.0850024489627225,4.527490158981085,7.031689916281095,-0.5857129650583102,Jazz
Wayne Shorter - Footprints-3XvJFW0DHbU.mp3,137.1951219512195, 405, 0.3764423218895325, 0.1254672408103943,2512.1984673399043, 3059.6813087321325, 5230.9358519495145, 0.05010903867733764,160.00557153000796,-35.2495509402014,44.02151031210419,-12.46597442607319,23.744775729059533,-14.895064292372188,3.6031153848470967,-9.767320006357675,-3.100078539940304,-3.6855790949615868,-0.6699617970075687,Jazz
Art Blakey - Dat Dere-_3vpiTgG59A.mp3,127.8409090909091, 383, 0.3732378395042059, 0.16607138514518738,2128.257364237628, 2459.6745755290244, 4304.071332809907, 0.041852959639428776,166.86076868095756,-40.700965266583836,37.26612660310799,-9.07340196299386,15.661456096038885,3.6274407824583865,-5.43242332328658,4.678157755581475,-7.893911321884188,0.5041698574812687,-3.939250072977744,Jazz
Gerry Mulligan Quartet - Bernie's Tune-W985hWD5KYg.mp3,104.16666666666667, 297, 0.3804127901380386, 0.05348880589008331,1657.1142905399024, 1890.9932795189911, 3061.1390604929966, 0.03948731573796563,162.43501962129798,-26.83063066202272,5.127086103104354,11.420400619093796,8.61880404794847,14.404764100971503,-3.0496085918238953,0.15241481296699402,-2.4629166780232103,-9.061721798064912,-4.075312361393842,Jazz
Lee Morgan - The Sidewinder-qJi03NqXfk8.mp3,156.60511363636363, 473, 0.4544564503882688, 0.13200531899929047,4472.2085453268655, 4434.154973990871, 9688.240027649115, 0.10751616770268962,101.66506024649011,-7.760252475760848,45.400891220478215,-19.643360897818464,36.4669565736713,-23.050005500269762,17.135438120642974,-11.344159943589979,5.961713765365361,-13.31205306950569,7.929528486173179,Jazz
So What - Miles Davis (1959)-ZrfzenYhv9w.mp3,133.92857142857142, 383, 0.45006699427537006, 0.06829878687858582,2345.5172389039817, 3041.3923470641494, 5302.803815329462, 0.04110989024724461,134.65689440508123,-0.3621367953209286,45.686381213382916,-9.08957512041826,23.066523700909745,-0.11557835554735273,4.234342394316254,9.638736588426916,-7.466868226059275,11.016383941654404,-5.38144497634255,Jazz
Horace Silver - Song for My Father-CWeXOm49kE0.mp3,127.8409090909091, 377, 0.39205930955780116, 0.1676655113697052,2408.218098889897, 2866.138045715062, 5126.215668701114, 0.0479129014576914,156.26409285861024,-34.00418449719716,48.69380915429459,-10.751549687936365,21.78505145221832,-4.884462363803397,-3.344341760352849,-2.198528828791287,-8.724605385324265,-3.2604727586713196,-6.357229108636637,Jazz
John Coltrane - Giant Steps-h6NCx0wcrC4.mp3,143.5546875, 432, 0.43317099420925986, 0.15661050379276276,2842.6609344686913, 3601.3872534806574, 6622.503010185879, 0.0506094823311726,135.81027330338188,-17.61615881888755,50.21664546228895,-17.240930504058582,30.61488276703247,-17.57098141033661,20.634828176740527,-9.00812340433441,9.410280383822,-0.3920398206772003,7.889246384720936,Jazz
Freddie Freeloader - Jon Hendricks & Friends-2FaMtXw2mRE.mp3,140.625, 418, 0.43372120755016746, 0.06102123111486435,2805.311289759662, 3661.4846849032715, 7250.485619370704, 0.03940359668501126,124.42543897868781,3.8382630130023805,76.41227725395505,-6.492221623057219,32.716391363846064,-3.695981100388302,6.813752123369107,4.960964987000578,-5.3204321591950245,10.788628680274982,-9.468608899063515,Jazz
Charlie Parker - Star Eyes-8CsKnTUbth0.mp3,139.6748310810811, 424, 0.32689304642971656, 0.0840935930609703,2363.9842959446223, 2334.4032798383296, 4633.401149123815, 0.06345536711292248,144.07722341937065,-54.415219841010625,47.4773031180478,-3.9281744373401755,5.796427968245327,7.047616622481775,-5.59753967500965,7.648170773282051,-3.766025994983484,4.2604247073919,1.7572068421991638,Jazz
Wayne Shorter - Speak No Evil-fvRkGglLe-U.mp3,140.625, 418, 0.3892642292826793, 0.14547915756702423,3306.6486722655904, 3548.732308111751, 7085.2356897369045, 0.07354266159227602,135.57268583003253,-35.47494029040848,49.246561040151235,-19.72805193910364,28.296588754891673,-17.964973788675646,5.6601505201883215,-7.153827438618603,-5.257841047711605,-2.3482648142813765,-2.6538220045665213,Jazz
Barbados by Charlie Parker-k0FJ1SdS-ts.mp3,82.03125, 205, 0.3338045262691792, 0.07406383007764816,1637.5069451571694, 1803.0262790141376, 3066.6929871423176, 0.04207685115048788,171.9452690829024,-39.99706212379635,14.238764660034644,13.826905243199004,-0.8595955233607883,4.663067382623594,4.388711192377513,1.0073186578008422,-0.9873099100822503,3.514205700099522,-2.491507362383892,Jazz
Tina Brooks - Back to the tracks-ART7NecuRM8.mp3,104.16666666666667, 310, 0.39654994366472535, 0.10120058804750443,3316.6876097417994, 4060.717381177661, 7421.297719394406, 0.05738149544841787,129.32150782369806,-11.993244750860606,41.617331355349364,-6.721114180805404,30.351523459010753,-19.814784965033112,15.926614185341126,-9.131957457583615,2.709642888386768,-14.398857427732677,3.112485381639434,Jazz
Eddie Harris - The ORIGINAL  'COLD DUCK TIME'-_Ago8dP4fFA.mp3,148.02631578947367, 446, 0.4363856499263518, 0.08987228572368622,2374.3865971543373, 2928.248503404351, 5394.655316721972, 0.039858286175634035,150.99546546749892,-27.36450979149238,62.548118737672176,-3.213530937746386,17.54162864145298,7.316083472562317,-2.195892652072997,-0.8993777545400703,-2.988267266774668,-2.07462306021438,0.430769725222474,Jazz
Eddie Harris - Listen Here-CsHtO_i4qzM.mp3,144.23076923076923, 437, 0.44581211815323163, 0.0809502825140953,2247.434555634704, 2949.3921968815216, 5317.04463809552, 0.03415535445121771,146.8901218045812,-25.392648948081536,78.14499375077114,3.903156701904981,33.655519283969305,0.2140140686582384,-4.604409314059532,8.871761795538022,-11.427243670003246,7.973075176994768,-2.93460203680157,Jazz
Freddie Hubbard Little Sunflower Backlash 1967-AL5G6QnW-ek.mp3,137.1951219512195, 412, 0.3408488540225858, 0.07668598741292953,2714.2488812920533, 3760.280214105487, 6383.83419871415, 0.042358948173441574,138.48665268539673,11.691475157627474,30.339852802855944,-16.89532285036635,22.850577101527143,-13.07883547552834,13.636695280284744,-5.07479265118134,-3.2042629062640855,5.916343104322767,-5.3030064121036595,Jazz
Cal Tjader Quintet - Cubano Chant-qiy9dCCnG10.mp3,135.99917763157896, 403, 0.34975570186166133, 0.05675623565912247,1636.362398069363, 2458.329508785016, 3222.0541277906104, 0.028584892658749354,161.7561356675353,9.250914538945882,37.136496373331525,-1.3679918708510828,16.117667810792344,-3.6716837081933646,0.98018684604469,-4.959058458821994,-8.430649712476864,-0.819229327608571,-5.681838762299084,Jazz
Naima - John Coltrane-Cx-TxiBi43c.mp3,95.33898305084746, 287, 0.3617080951208847, 0.05164200812578201,1009.6070031533836, 1605.8010715319085, 1829.7985119400332, 0.019545022332009956,169.0450910439843,7.634336438311764,34.975835828369064,19.47811453890095,-2.208038257014571,12.265901365246156,-0.9300960880312911,-0.6163088764239182,1.2549706650904784,-3.7756110579081223,1.9065078504459405,Jazz
Dizzy Gillespie - Con Alma (Verve Records 1954)-hLUyVyM626A.mp3,114.79591836734694, 340, 0.40382396734137976, 0.08261164277791977,2012.2127261668568, 2771.9241083411766, 3873.878770146954, 0.03356013509384629,159.45381606990426,-26.134934242261632,38.57611908074392,13.719245917777155,8.725051797729853,0.8439545136977976,14.548069770313438,-5.3333594423373825,-1.5749861794580937,-4.5426956341589735,-0.8308002482087256,Jazz
Charlie 'Bird' Parker - Yardbird Suite-HmroWIcCNUI.mp3,107.666015625, 302, 0.37095048596751484, 0.12590821087360382,958.2061678437757, 1476.697305114609, 1751.2380216143818, 0.01988508383925116,183.2706858409557,-4.014374772292903,23.585168201374035,25.62018006474396,-0.6531353072811285,7.722219970155269,9.653717298485974,4.84518751331943,3.9238649696384016,1.9449642391221988,-0.0807148853868825,Jazz
Duke Pearson Trio - Jeannine-Bm1NxfevGro.mp3,120.18531976744185, 359, 0.3919310487899087, 0.10277628898620605,2711.8655486869557, 3295.2224937599544, 6418.762575509748, 0.04779947160813339,136.20995471477468,-19.16305437303414,59.782502075698865,-17.734883282694902,30.139460854570526,-9.375949526174969,10.274568033718603,-5.116434508151593,-4.63174853977921,4.851508558111287,-5.309715552390134,Jazz
Charlie Parker - Scrapple from the Apple (1948)-c-69SscIpC8.mp3,99.38401442307692, 292, 0.3623731124889239, 0.1014985740184784,1584.2576725284873, 1633.8583941279062, 3412.2238111938855, 0.04142022698779347,166.11235467431138,-38.36707843808148,27.97946292786465,41.18108405314213,-12.310422585541737,9.357185073156367,12.29375225047864,-6.7729719512899855,1.082156498463416,1.2880070913527948,-2.0974459480554697,Jazz
Herbie Mann - Memphis Underground (1969)-BO_Lfk-8P5c.mp3,112.5, 339, 0.43811354746128145, 0.08248026669025421,1459.8402688785864, 2434.412826600922, 2589.854860452714, 0.02666372664027317,174.48108058719095,-1.6652698117301024,32.82585821296727,12.361743456478475,12.594247679975451,2.7220824580844507,11.367459966196204,5.378406770412527,7.893297630688704,7.889511314443604,0.9095639303581654,Jazz
Miles Davis - All Blues (Audio)--488UORrfJ0.mp3,137.1951219512195, 409, 0.3816980214652764, 0.04645615443587303,2481.441523070381, 3226.3037365987184, 5479.430848542309, 0.044325064301745085,146.4987675319692,-7.630628445753973,44.97090810729514,-6.790160316837134,23.472875812681053,-8.638973201350176,11.624362796255994,0.5231254425514871,-5.295931962735519,-0.5878143965816864,-13.326899930537651,Jazz
Cal Tjader - Soul Sauce  (1964)-3rSNqhEWH9M.mp3,144.23076923076923, 330, 0.36111101618742497, 0.21815676987171173,1782.225937548812, 2186.6164121956604, 3551.476179317469, 0.03682606053686204,185.09773842082024,-39.16341378081283,37.6161725214365,4.92092171021826,4.57066802456845,3.1324550559304543,-6.941989934735558,-8.235736025840858,-7.410356520873559,0.06147211855157532,-3.3627329263691137,Jazz
Weather Report - Birdland-Ae0nwSv6cTU.mp3,156.25, 468, 0.4891200605870638, 0.0789831280708313,3291.609544500064, 3464.9219132376975, 7194.850027405783, 0.07676185739919116,131.71432420682774,-12.770759849761934,56.43129861939476,-19.225528334298886,24.85214607072135,-7.863132177465511,9.860960874901576,-5.388991475029767,1.6159474497537378,2.5811514796948076,-4.952883913720527,Jazz
"Blue Monk, Thelonius Monk-_40V2lcxM7k.mp3",143.5546875, 419, 0.4293941352054563, 0.3799254894256592,2165.284128652683, 2803.797344939258, 5217.019842283645, 0.028773005655798503,143.52340048922815,-38.04187797816196,69.28881249925287,-20.057534761252,25.631037744525702,-1.7162294824079714,4.612166102884406,11.532097982539216,-10.020145428448023,10.248292978792621,2.2914743605318826,Jazz
Ramsey Lewis Trio The 'In' Crowd-jsFST-7Hx-Y.mp3,139.6748310810811, 422, 0.4582463461596982, 0.07418287545442581,2692.219062838118, 3300.750742528906, 6201.240279726199, 0.055036830213170795,137.61630504024632,-16.67139225613609,40.29996826933089,-15.285285752232648,23.546154627319606,-5.035594579147504,8.542714726468489,-3.3408727563099645,-0.7333872825113319,0.7647732513532138,-4.801558405043017,Jazz
Charlie Parker - Ornithology-Z2tvlp7RnlM.mp3,109.95678191489361, 323, 0.387488409750395, 0.09952126443386078,1831.8627126786294, 1774.0470365037002, 3743.050977393939, 0.0489176306316112,178.2478579758143,-58.972692079668704,37.077878984825645,29.673434879617883,-8.983637671708722,16.99682845928255,3.1539936486811904,0.5315350540190678,1.9688115661702277,-0.9212395214574629,2.3624157024803916,Jazz
Miles Davis - On Green Dolphin street-IrVnm66joQk.mp3,165.44117647058823, 493, 0.3484216207266844, 0.11997801065444946,1748.709052020654, 2261.119631285618, 3323.6252666508653, 0.046034714146569095,156.16315078063113,18.18129946302476,51.94285590697311,2.220488289376676,18.182390707075026,-3.7812795424603443,-10.042898308842986,2.173149186759215,-6.527285981858333,0.3219497442835102,-9.029722619211023,Jazz
Art Blakey & Thelonious Monk Rhythm-A-Ning Art Blakey's Jazz Messengers W 1957-D-CNZxoethA.mp3,143.5546875, 430, 0.4481440011322243, 0.07891132682561874,2940.1918301779865, 3662.1843688266017, 6731.9204041094235, 0.046211171814531736,114.4447523321626,-9.030973325495829,43.087222330395285,1.6043102546136778,24.559799322813475,-6.6400485006680245,17.856785143157285,-2.538198725300737,5.353482650750604,0.9283020206739386,5.953925833569769,Jazz
"Thelonious Monk - Straight, No Chaser-ujChUYkPvec.mp3",83.35433467741936, 238, 0.3231749664964219, 0.10167404264211655,2889.912505242449, 2803.841369143782, 5893.651625830107, 0.07492109900836437,130.0510531002668,-43.60553828682536,64.35838702008273,-16.077376834867927,3.6042156510883556,-1.9011094882479618,-4.765158814896793,-0.31715790758198414,-5.284000249653041,-4.406708214598647,-2.9652400009933193,Jazz
Stanley Turrentine - Feeling Good-XZ2Ixt-AD-U.mp3,123.046875, 370, 0.35074764891356897, 0.11465374380350113,2636.8340673018697, 3230.2746870709334, 5762.016546763134, 0.0520330690870098,137.21602860222407,-20.256008880505355,40.475955662161546,-9.845484596016933,18.979147386800932,-13.459557135082367,3.744325702698971,-10.911538213548438,-2.8556839060772803,-3.4904182902059393,1.1695063577551297,Jazz
Coleman Hawkins - Body & Soul-0Q7J4PgrRsY.mp3,95.33898305084746, 254, 0.32626357351879426, 0.03947462514042854,928.2995927625198, 1307.3290369970236, 1556.8921063885782, 0.018971360163497597,175.80765782347308,17.667408103824698,8.188934366091512,17.659209913031248,-3.2591064113578114,-3.077844500783005,0.23451138259624624,-3.2896468749026044,-6.227911889772526,-9.185552931013998,-6.314763949975347,Jazz
"Thelonious Monk-'Green Chimneys' from 'Straight, No Chaser'-qlIbs0mZYSA.mp3",152.02702702702703, 461, 0.4129876512909702, 0.08363442867994308,2627.852593505641, 3385.9229356739097, 5877.075339979853, 0.042217145233986134,143.08637678600732,-17.00686791479477,47.38169127162685,-3.193008137765619,30.790457283053943,-9.802628057087276,12.821395273203045,-0.3392948627611525,-0.11814069607598611,-4.279147436757467,-0.9081822531091343,Jazz
The Cannonball Adderley Quintet _ Nat Adderley _ Work Song-xCqRYneOdIM.mp3,84.72079918032787, 253, 0.3863593379970576, 0.08346390724182129,2789.7738026378684, 2983.5336318391005, 5884.515806026872, 0.06432107112479038,132.9917353104839,-43.58344040638791,57.33981742398188,-5.9244472033503275,26.402375657500915,-7.698025646835105,10.2628270032701,-0.3505058969822602,-4.367160934978615,7.269421116249902,-8.478473834932323,Jazz
Kenny Dorham - Una mas-TDETNk20Vkc.mp3,165.44117647058823, 490, 0.3823877378373203, 0.06864587962627411,3043.659548146728, 3519.6848238365574, 6490.461213409576, 0.06128948145665442,141.07814617134628,-28.543818282423253,23.408215942552072,-13.351736105899075,22.44273138566888,-19.38783132880402,4.7109585244718835,-11.347472315248535,-2.835478425742219,-15.583001482279307,0.7355198628051237,Jazz
Kenny Burrell - Midnight Blue-eNWDwOsQqlw.mp3,74.89809782608695, 225, 0.4126868278199289, 0.324021577835083,3542.8209605919806, 4302.171646317284, 8871.136635228208, 0.05440351960582753,110.99624112680989,12.641157634049673,56.244660665696415,-8.470687794404027,45.391810060356946,-24.324499254940452,14.565498091290046,-12.483940885892213,5.33770582801613,-6.393805876173368,2.4687991358653183,Jazz
"Cannonball Adderley Quintet - 'Mercy, Mercy, Mercy' (1966)-s4rXEKtC8iY.mp3",85.22727272727273, 252, 0.4651531283034156, 0.06655189394950867,2226.8927391228053, 2732.913925310467, 4587.317047878644, 0.04450679543064115,165.0522736982784,-34.18972538520526,45.82034887255129,-4.577039463799261,18.813009601986057,-1.8990135767920038,1.2538115161031445,3.3302639007940154,-4.348493153105456,4.2075448077481905,-2.1618462133930403,Jazz
'Groove' Holmes - 'Misty'-1OKduoWWWsE.mp3,90.66611842105263, 164, 0.41284734139554974, 0.09612840414047241,2052.2388308297755, 3112.285071711024, 4462.977809240349, 0.03228063614983428,141.48453671610324,4.4631513677391155,40.3308597068611,-10.108452169129311,36.43442847932865,-6.590697716169241,14.689651042991924,-0.7755266134907528,5.944546740149775,0.7829753758987192,3.2138258401362196,Jazz
Oliver Nelson - Stolen Moments-I777BcgQL9o.mp3,114.79591836734694, 335, 0.39549167230712656, 0.020209435373544693,1602.4867011774384, 1995.6573540794107, 2948.63498829699, 0.033420010295686184,185.16103877046703,-33.58110577030891,20.0082287520769,0.8341213495572875,10.791965673203942,2.122771281825881,-3.5328014961071883,1.8022018911589603,-8.938561024249987,0.8898777931700492,-4.092872043706861,Jazz
Grant Green - Idle Moments-gwaFDFP7m_E.mp3,73.828125, 217, 0.38405093385796957, 0.09113345295190811,1449.5026510755831, 2747.451338281036, 2549.5623609229874, 0.018879956382223943,144.34587495600397,40.817566043383856,33.67247248508631,10.39754081118223,24.944331793295174,-0.13395759199958762,0.2903989232815764,-4.753446961186299,-4.164394642459186,1.3751947111424903,2.2417338106454623,Jazz
Jimmy Smith _ Walk On The Wild Side-q1z2BdvHVCk.mp3,106.13207547169812, 318, 0.401547258468446, 0.06044887378811836,3243.0927232099707, 2777.886724266167, 6646.029772309789, 0.10276561157486963,148.3161991388533,-68.00465098757515,50.59085577349879,-16.391810238170585,7.97919254759137,12.862895208839673,-21.323540154574573,23.1951675560236,-10.345555189365742,-2.755255841419742,5.095125800868734,Jazz
Little Brown Jug Glenn Miller-OYo6G8RBjAE.mp3,184.5703125, 490, 0.46797646906820906, 0.17068365216255188,1092.4159834657446, 1440.3724812518728, 2237.268680294786, 0.027599257726636916,184.8704834024463,-12.005388629461487,26.757131017938754,30.689862011978548,-10.851084657237285,7.340661258099303,16.13541885628578,-6.030563824604003,0.6253411203677421,8.982911562779641,-2.7271215275399108,Jazz
Jimmy Smith - When Johnny Comes Marching Home-KsAf0ra6Vd4.mp3,108.17307692307692, 324, 0.4728379475897036, 0.10762333869934082,2002.0788163013597, 2851.2883320978285, 5047.000918464091, 0.027078227540219837,146.6815625438688,-2.8623545084605198,73.81141857386498,-5.1594851406126025,24.47815981276605,16.540146634955384,-1.2097243688058534,17.525410639315268,-8.818973404429325,8.865448853522661,-1.0814684164087573,Jazz
Art Tatum plays Tea for Two-fKb0Sc2lYVU.mp3,135.99917763157896, 409, 0.3154824358724918, 0.10646707564592361,974.7790956806208, 1654.860594158022, 1375.1264070209704, 0.026050642424938725,201.79749536855982,35.96303943546387,-18.894592987291244,2.8834577120317557,9.049183504286265,-4.354713561891499,-9.168235775100035,-6.091186571683938,-5.424163620465364,-4.927546398965147,-1.9145823955231676,Jazz
Soy Califa - Dexter Gordon-C-o8EeITzYM.mp3,105.46875, 316, 0.33674943993732986, 0.16258977353572845,4550.218705532528, 4463.591984389412, 9899.206807517416, 0.11399905871065531,99.35962939617433,-13.258362963957254,47.26040628910411,-23.812354087584602,29.525362691700256,-26.745869370557223,15.951394289864101,-22.595924687833694,7.554810011194906,-19.843888474698108,15.357713135285346,Jazz
"Lambert, Hendricks & Ross Hi-Fly The Hottest New Group In Jazz 1962-hbreWwFKQNg.mp3",133.92857142857142, 375, 0.44158810980536095, 0.1319177746772766,2302.872750365661, 3306.8107902831134, 4847.296086157858, 0.037249731265924985,153.29609807453622,2.6901790975980813,34.066123116108365,-8.651605542594226,21.80091874966506,-8.00764730156839,10.213711756628735,-3.0430086613318497,2.725227271520777,0.0836899240032622,-1.7128741460943397,Jazz
Cannonball Adderley 'Jive Samba'-iqtmUC6L9fc.mp3,148.02631578947367, 436, 0.4322581983186307, 0.0654200091958046,3096.589648616364, 2841.6182566579932, 6279.465383532828, 0.07960025979941929,137.64507069616684,-56.513083956923495,75.52824445305504,-5.983430481474835,10.77015004574128,10.533737940977597,-6.364044480895852,12.97042033613383,-13.309264643119908,11.411359526976526,-2.009500387232762,Jazz
John Coltrane - Blue Train-YjRbmtrDJI4.mp3,140.625, 421, 0.34172013149218144, 0.17719565331935883,3992.3318175401596, 4152.879810952937, 9206.255832987676, 0.08870058857623252,135.56864244995208,-28.818946504495223,35.45469037710351,-23.740670698540423,32.84103211787839,-30.229849557920037,18.21911375621711,-19.971080081358313,4.960492015947121,-9.188912429779947,3.794461980638975,Jazz
Chet Baker - But Not For Me-x8UcxgE21kM.mp3,79.50721153846153, 238, 0.43149636208559056, 0.10128307342529297,1388.56497766777, 2119.989910046569, 2528.3874889645413, 0.029190331174616228,186.83568820845048,-10.996491527876124,28.495848239840896,18.7733617194855,3.1894649068508434,-5.079424209677615,2.747817006017854,-1.3331889637546184,-2.7436589893942194,-6.575696178679265,2.4705284823859714,Jazz
John Coltrane - Impressions (Complete)--mZ54FJ6h-k.mp3,135.99917763157896, 409, 0.4485771016754225, 0.07281194627285004,5515.688965179041, 5194.078612185644, 12090.929665580254, 0.1281919056170988,89.6553877210759,9.02655932043229,46.84019132343903,-15.568710374697076,32.771441018762815,-27.57742012442916,20.80255138880805,-19.926675213591682,11.267309005390194,-11.534161250885235,16.4143843273183,Jazz
John Coltrane - Moment's Notice-St6bhwx7WDo.mp3,122.28260869565217, 368, 0.3470786209729872, 0.1673199087381363,5567.558634946275, 5565.985440275613, 12813.99620763214, 0.11736347336824485,101.45886190806233,-4.313852913600523,32.186254657295635,-13.30780188614987,30.42135801326821,-31.319355027028625,22.32556811467966,-24.47692314358065,12.928695856595962,-23.79323898389242,20.36543347082825,Jazz
Charlie Parker - Now's The Time-ryNtmkfeJk4.mp3,101.33272058823529, 297, 0.41147038695978916, 0.11997103691101074,2765.1497782871465, 3130.8161639150335, 5994.755417200803, 0.0549615598192402,134.72512883563388,-32.355833166611525,66.4538738200942,-13.48142226124212,22.764960639196453,-2.867080890157742,9.790145765748438,-4.469769534397581,8.526380062739213,-3.0493788147814906,5.974224601832046,Jazz
Sookie Sookie - Grant Green (Live)-EMuyV5jSKl4.mp3,127.8409090909091, 379, 0.44560926832851844, 0.1525886356830597,2155.7330632367193, 3199.154180569295, 4611.836428211662, 0.03244469193492237,151.811234100086,-7.55691931322067,45.9489212583162,-0.9661866090188798,29.89258809647476,-6.57239460265639,9.789573617908982,-3.252988121297244,1.1479575211269761,0.5914446635900482,-1.0960027529359735,Jazz
If I Were A Bell - The Miles Davis Quintet-36wafFjFdYs.mp3,93.75, 277, 0.4394325940904132, 0.0740702822804451,3248.4814234693504, 3793.1311660911547, 7116.636606719602, 0.06279049204491585,108.7664134413602,-6.012888586541565,61.024184812467695,6.278876159215212,25.403350576468544,-6.281165104828142,6.064462763060685,-6.044922998704762,4.247556283402971,-3.895556742956433,6.208790347468048,Jazz
Dexter Gordon - Cheese Cake-hkyJQcmVtZQ.mp3,109.95678191489361, 325, 0.3704915609761942, 0.18114392459392548,4538.584024192006, 4308.484827435243, 9741.243873808775, 0.11419633642930857,101.05333893219833,-23.947774896826182,57.5833734094165,-22.385020358515376,34.16669153673527,-29.862847251599394,17.72737338670889,-22.49157856115373,9.180918644245093,-17.642153949916203,12.186036617223303,Jazz
Randy Weston Quintet at the Five Spot - Hi-Fly-47vdxkLj4nU.mp3,112.5, 334, 0.36021061901238766, 0.15659718215465546,2350.907759699223, 2565.8794425250735, 5140.456491467172, 0.05427814925782176,169.55735147358473,-37.23860801412779,46.925498292485656,-22.425337488725095,13.048975670778821,4.993331076183912,-10.288893714814781,7.426578640008575,-14.583151146404367,4.090514628878772,-6.280605320250815,Jazz
